CLID,PDB,CHAIN,MUT,DDG,pH,T,COMMENTS
1A5EA,1IHB,A,F37H,-1.24,7.50,25.00,
1A5EA,1IHB,A,F71N,0.71,7.50,25.00,
1A5EA,1IHB,A,F82Q,-0.46,7.50,25.00,
1A5EA,1IHB,A,F92N,-1.08,7.50,25.00,
1A5EA,1IHB,A,R55V,-0.32,7.50,25.00,
1AARA,1AAR,A,F45W,0.60,5.00,25.00,
1AARA,1UBQ,A,V26A,-3.30,5.00,25.00,
1AARA,1UBQ,A,V26G,-6.30,5.00,25.00,
1AARA,1UBQ,A,V26I,1.10,5.00,25.00,
1AARA,1UBQ,A,V26L,0.30,5.00,25.00,
1APSA,1APS,A,E29D,-3.47,5.50,28.00,
1APSA,1APS,A,F94L,-4.33,5.50,28.00,
1APSA,1APS,A,I75V,-1.41,5.50,28.00,
1APSA,1APS,A,L65V,-5.35,5.50,28.00,
1APSA,1APS,A,M61A,-3.97,5.50,28.00,
1APSA,1APS,A,P54A,-0.45,5.50,28.00,
1APSA,1APS,A,P71A,-1.60,5.50,28.00,
1BNIA,1BNI,A,D12A,1.10,6.30,25.00,H102A_background
1BNIA,1BNI,A,D12G,-1.20,6.30,25.00,H102A_background
1BNIA,1BNI,A,E73G,-5.40,6.30,25.00,H102A_background
1BNIA,1BNI,A,I55G,-3.10,6.30,25.00,H102A_background
1BNIA,1BNI,A,I76T,-2.69,6.30,25.00,
1BNIA,1BNI,A,I88G,-7.40,6.30,25.00,H102A_background
1BNIA,1BNI,A,I96G,-5.70,6.30,25.00,H102A_background
1BNIA,1BNI,A,K27A,0.45,6.30,25.00,
1BNIA,1BNI,A,L89G,-7.00,6.30,25.00,H102A_background
1BNIA,1BNI,A,L95G,-4.70,6.30,25.00,H102A_background
1BNIA,1BNI,A,Q15A,-0.20,6.30,25.00,H102A_background
1BNIA,1BNI,A,Q15G,-1.60,6.30,25.00,H102A_background
1BNIA,1BNI,A,R59A,0.64,6.30,25.00,
1BNIA,1BNI,A,R72G,-2.50,6.30,25.00,H102A_background
1BNIA,1BNI,A,T100G,-2.80,6.30,25.00,H102A_background
1BNIA,1BNI,A,Y13G,-6.40,6.30,25.00,H102A_background
1BNIA,1BNI,A,Y17G,-4.90,6.30,25.00,H102A_background
1BNIA,1BNI,A,Y97G,-6.60,6.30,25.00,H102A_background
1BNLA,1BNL,A,D76A,-0.82,7.40,20.00,apo_form
1BPIA,1BPI,A,A16T,-1.70,8.70,25.00,
1BPIA,1BPI,A,A16V,-1.30,8.70,25.00,
1BPIA,1BPI,A,P13A,-1.60,8.70,25.00,
1BPIA,1BPI,A,P13S,-1.40,8.70,25.00,
1BPIA,1BPI,A,Y35D,-3.80,8.70,25.00,
1BPIA,1BPI,A,Y35L,-3.70,8.70,25.00,
1BTAA,1BTA,A,K22Q,-0.80,8.00,25.00,
1BTAA,1BTA,A,K60E,-1.35,8.00,25.00,
1BTAA,1BTA,A,R75L,0.70,8.00,25.00,
1BVCA,1BVC,A,A125L,0.60,5.00,25.00,apo_form
1BVCA,1BVC,A,A144L,0.40,5.00,25.00,apo_form
1BVCA,1BVC,A,A15L,0.10,5.00,25.00,apo_form
1BVCA,1BVC,A,F106A,-0.70,5.00,25.00,apo_form
1BVCA,1BVC,A,F123A,-1.10,5.00,25.00,apo_form
1BVCA,1BVC,A,I28A,-2.06,6.00,25.00,apo_form
1BVCA,1BVC,A,I30A,-1.90,6.00,25.00,apo_form
1BVCA,1BVC,A,L115A,-1.40,5.00,25.00,apo_form
1BVCA,1BVC,A,L11A,-0.60,5.00,25.00,apo_form
1BVCA,1BVC,A,L135A,-1.70,5.00,25.00,apo_form
1BVCA,1BVC,A,L137A,-0.30,5.00,25.00,apo_form
1BVCA,1BVC,A,L29A,-0.39,6.00,25.00,apo_form
1BVCA,1BVC,A,L32A,-2.04,6.00,25.00,apo_form
1BVCA,1BVC,A,V13A,0.00,5.00,25.00,apo_form
1C5GA,1QLP,A,A183I,1.80,6.50,25.00,
1C5GA,1QLP,A,A183V,3.80,6.50,25.00,
1C5GA,1QLP,A,A248F,1.80,6.50,25.00,
1C5GA,1QLP,A,A248I,2.20,6.50,25.00,
1C5GA,1QLP,A,A248L,1.50,6.50,25.00,
1C5GA,1QLP,A,A248V,2.30,6.50,25.00,
1C5GA,1QLP,A,A284I,0.00,6.50,25.00,
1C5GA,1QLP,A,A284L,-0.80,6.50,25.00,
1C5GA,1QLP,A,A284V,0.80,6.50,25.00,
1C5GA,1QLP,A,A31L,0.90,6.50,25.00,
1C5GA,1QLP,A,A31P,2.50,6.50,25.00,
1C5GA,1QLP,A,A70G,1.60,6.50,25.00,
1C5GA,1QLP,A,M374I,2.30,6.50,25.00,
1C5GA,1QLP,A,S381A,1.00,6.50,25.00,
1C5GA,1QLP,A,V321I,0.60,6.50,25.00,
1C5GA,1QLP,A,V364L,-0.30,6.50,25.00,
1C5GA,1QLP,A,V55I,-0.20,6.50,25.00,
1CEYA,1CEY,A,A77G,-0.30,8.00,25.00,
1CEYA,1CEY,A,A80G,0.60,8.00,25.00,
1CEYA,1CEY,A,A88G,0.10,8.00,25.00,
1CEYA,1CEY,A,F14N,2.90,7.00,25.00,
1CUNA,1AJ3,A,D93A,0.70,7.00,25.00,
1CUNA,1AJ3,A,D93G,-0.30,7.00,25.00,
1CUNA,1AJ3,A,E25A,0.10,7.00,25.00,
1CUNA,1AJ3,A,H10A,0.50,7.00,25.00,
1CUNA,1AJ3,A,I23A,-3.65,7.00,25.00,
1CUNA,1AJ3,A,I84A,-2.00,7.00,25.00,
1CUNA,1AJ3,A,K26A,0.00,7.00,25.00,
1CUNA,1AJ3,A,K47A,0.40,7.00,25.00,
1CUNA,1AJ3,A,K47G,-0.50,7.00,25.00,
1CUNA,1AJ3,A,K96A,-0.40,7.00,25.00,
1CUNA,1AJ3,A,K96G,-1.30,7.00,25.00,
1CUNA,1AJ3,A,L45A,-0.20,7.00,25.00,
1CUNA,1AJ3,A,L88A,-2.80,7.00,25.00,
1CUNA,1AJ3,A,L98A,-3.80,7.00,25.00,
1CUNA,1AJ3,A,N44G,-0.40,7.00,25.00,
1CUNA,1AJ3,A,P61A,0.40,7.00,25.00,
1CUNA,1AJ3,A,Q107A,0.50,7.00,25.00,
1CUNA,1AJ3,A,Q107G,-1.30,7.00,25.00,
1CUNA,1AJ3,A,Q86A,0.00,7.00,25.00,
1CUNA,1AJ3,A,Q86G,-1.30,7.00,25.00,
1CUNA,1AJ3,A,T40A,0.30,7.00,25.00,
1CUNA,1AJ3,A,V30A,-0.20,7.00,25.00,
1CUNA,1AJ3,A,V42A,-0.40,7.00,25.00,
1DILA,1DIL,A,A53L,0.81,7.00,25.00,
1DILA,1DIL,A,A69V,0.62,7.00,25.00,
1DIVA,1DIV,A,D23A,-0.49,5.40,25.00,residues_1-56
1DIVA,1DIV,A,D23N,-0.72,5.40,25.00,residues_1-56
1DIVA,1DIV,A,D8N,-0.30,5.50,25.00,residues_1-56
1DIVA,1DIV,A,E17Q,-0.21,5.50,25.00,residues_1-56
1DIVA,1DIV,A,E38Q,-0.56,5.50,25.00,residues_1-56
1DIVA,1DIV,A,E48Q,0.03,5.50,25.00,residues_1-56
1DIVA,1DIV,A,E54Q,0.33,5.50,25.00,residues_1-56
1DIVA,1DIV,A,H106Q,-0.95,5.50,25.00,residues_57-149
1DIVA,1DIV,A,H134Q,-0.66,5.50,25.00,residues_57-149
1DIVA,1DIV,A,H144Q,-0.69,5.50,25.00,residues_57-149
1DIVA,1DIV,A,I4A,-2.22,5.50,25.00,residues_1-56
1DIVA,1DIV,A,I4V,-0.59,5.50,25.00,residues_1-56
1DIVA,1DIV,A,K10M,0.05,5.50,25.00,residues_1-56
1DIVA,1DIV,A,K12M,1.90,5.40,25.00,residues_1-56
1DIVA,1DIV,A,K14M,0.01,5.50,25.00,residues_1-56
1DIVA,1DIV,A,K15M,-0.31,5.50,25.00,residues_1-56
1DIVA,1DIV,A,K7M,0.35,5.50,25.00,residues_1-56
1DIVA,1DIV,A,L30A,-2.76,5.50,25.00,residues_1-56
1DIVA,1DIV,A,L30V,-3.62,5.50,25.00,residues_1-56
1DIVA,1DIV,A,L6A,-3.10,5.50,25.00,residues_1-56
1DIVA,1DIV,A,L6I,-0.13,5.50,25.00,residues_1-56
1DIVA,1DIV,A,L6V,-0.41,5.50,25.00,residues_1-56
1DIVA,1DIV,A,M1A,-1.46,5.50,25.00,residues_1-56
1DIVA,1DIV,A,M1G,-2.36,5.50,25.00,residues_1-56
1DIVA,1DIV,A,V21A,-2.33,5.50,25.00,residues_1-56
1DIVA,1DIV,A,V21I,-0.40,5.50,25.00,residues_1-56
1DIVA,1DIV,A,V21L,-1.23,5.50,25.00,residues_1-56
1DIVA,1DIV,A,V3A,-2.55,5.50,25.00,residues_1-56
1DIVA,1DIV,A,V3I,-0.31,5.50,25.00,residues_1-56
1DIVA,1DIV,A,V3L,-2.21,5.50,25.00,residues_1-56
1E65A,5AZU,A,I7S,-3.00,7.20,20.00,apo_form
1E65A,5AZU,A,A82G,-3.11,7.00,25.00,apo_form
1E65A,5AZU,A,V60G,-3.11,7.00,25.00,apo_form
1EL1A,4LYZ,A,I55T,-3.30,5.00,25.00,
1EY0A,1STN,A,D19F,-1.50,7.00,20.00,
1EY0A,1STN,A,D21K,1.00,7.00,20.00,
1EY0A,1STN,A,D77K,-3.50,7.00,20.00,
1EY0A,1STN,A,D83F,-5.20,7.00,20.00,
1EY0A,1STN,A,D95F,-5.30,7.00,20.00,
1EY0A,1STN,A,F34G,-6.20,7.00,20.00,
1EY0A,1STN,A,G29V,-3.00,7.00,20.00,
1EY0A,1STN,A,G55V,-1.80,7.00,20.00,
1EY0A,1STN,A,G86F,-2.00,7.00,20.00,
1EY0A,1STN,A,G96F,-3.00,7.00,20.00,
1EY0A,1STN,A,G96V,-3.70,7.00,20.00,
1EY0A,1STN,A,H124E,0.20,7.00,20.00,
1EY0A,1STN,A,I139L,-0.10,7.00,20.00,
1EY0A,1STN,A,I15M,-0.30,7.00,20.00,
1EY0A,1STN,A,I72A,-5.10,7.00,20.00,
1EY0A,1STN,A,I72G,-6.50,7.00,20.00,
1EY0A,1STN,A,I72L,-0.20,7.00,20.00,
1EY0A,1STN,A,I92G,-6.60,7.00,20.00,
1EY0A,1STN,A,I92M,-1.60,7.00,20.00,
1EY0A,1STN,A,K24F,-0.60,7.00,20.00,
1EY0A,1STN,A,K63Q,-1.00,7.00,20.00,
1EY0A,1STN,A,K70E,-0.40,7.00,20.00,
1EY0A,1STN,A,K78Q,-0.10,7.00,20.00,
1EY0A,1STN,A,K84Q,-0.10,7.00,20.00,
1EY0A,1STN,A,K9F,-1.20,7.00,20.00,
1EY0A,1STN,A,L103G,-6.60,7.00,20.00,
1EY0A,1STN,A,L108A,-5.80,7.00,20.00,
1EY0A,1STN,A,L108G,-7.20,7.00,20.00,
1EY0A,1STN,A,L108V,-3.90,7.00,20.00,
1EY0A,1STN,A,L125G,-7.00,7.00,20.00,
1EY0A,1STN,A,L125I,-1.00,7.00,20.00,
1EY0A,1STN,A,L137V,-1.40,7.00,20.00,
1EY0A,1STN,A,L14V,-1.50,7.00,20.00,
1EY0A,1STN,A,L25A,-2.70,7.00,20.00,
1EY0A,1STN,A,L36V,-3.50,7.00,20.00,
1EY0A,1STN,A,L37I,-2.00,7.00,20.00,
1EY0A,1STN,A,L7V,-1.40,7.00,20.00,
1EY0A,1STN,A,L89I,-1.10,7.00,20.00,
1EY0A,1STN,A,M65F,-1.60,7.00,20.00,
1EY0A,1STN,A,M65I,-1.50,7.00,20.00,
1EY0A,1STN,A,N100A,-5.20,7.00,20.00,
1EY0A,1STN,A,P117A,0.80,7.00,20.00,
1EY0A,1STN,A,P117F,0.30,7.00,20.00,
1EY0A,1STN,A,P117G,0.90,7.00,20.00,
1EY0A,1STN,A,P117L,0.20,7.00,20.00,
1EY0A,1STN,A,P11A,-0.40,7.00,20.00,
1EY0A,1STN,A,P11F,-0.60,7.00,20.00,
1EY0A,1STN,A,P11G,-1.00,7.00,20.00,
1EY0A,1STN,A,P31A,-0.50,7.00,20.00,
1EY0A,1STN,A,P31G,-1.60,7.00,20.00,
1EY0A,1STN,A,P42A,0.10,7.00,20.00,
1EY0A,1STN,A,P42G,-0.40,7.00,20.00,
1EY0A,1STN,A,P47A,-0.60,7.00,20.00,
1EY0A,1STN,A,P47F,-0.30,7.00,20.00,
1EY0A,1STN,A,P47G,-0.10,7.00,20.00,
1EY0A,1STN,A,P56A,0.00,7.00,20.00,
1EY0A,1STN,A,P56G,-1.00,7.00,20.00,
1EY0A,1STN,A,R105C,-2.70,7.00,20.00,
1EY0A,1STN,A,S141A,-0.40,7.00,20.00,
1EY0A,1STN,A,T13C,-1.40,7.00,20.00,
1EY0A,1STN,A,T22I,-0.70,7.00,20.00,
1EY0A,1STN,A,T33C,-1.20,7.00,20.00,
1EY0A,1STN,A,T41I,0.70,7.00,20.00,
1EY0A,1STN,A,T44C,-0.20,7.00,20.00,
1EY0A,1STN,A,T82C,-0.10,7.00,20.00,
1EY0A,1STN,A,T82I,0.50,7.00,20.00,
1EY0A,1STN,A,V104G,-6.50,7.00,20.00,
1EY0A,1STN,A,V104I,0.20,7.00,20.00,
1EY0A,1STN,A,V111I,-0.70,7.00,20.00,
1EY0A,1STN,A,V111L,-0.90,7.00,20.00,
1EY0A,1STN,A,V114I,-0.10,7.00,20.00,
1EY0A,1STN,A,V23G,-5.60,7.00,20.00,
1EY0A,1STN,A,V23I,-0.20,7.00,20.00,
1EY0A,1STN,A,V23L,-0.10,7.00,20.00,
1EY0A,1STN,A,V39I,0.10,7.00,20.00,
1EY0A,1STN,A,V39L,-0.90,7.00,20.00,
1EY0A,1STN,A,V51L,-0.20,7.00,20.00,
1EY0A,1STN,A,V66I,-1.00,7.00,20.00,
1EY0A,1STN,A,V66K,-5.20,8.80,20.00,
1EY0A,1STN,A,V74G,-6.60,7.00,20.00,
1EY0A,1STN,A,V74L,-1.20,7.00,20.00,
1EY0A,1STN,A,V74S,-5.40,7.00,20.00,
1EY0A,1STN,A,V99G,-5.00,7.00,20.00,
1EY0A,1STN,A,V99S,-5.10,7.00,20.00,
1EY0A,1STN,A,W140F,-0.60,7.00,20.00,P47G/P117G/H124L_background
1EY0A,1STN,A,W140H,-0.40,7.00,20.00,P47G/P117G/H124L_background
1EY0A,1STN,A,W140L,-4.50,7.00,20.00,P47G/P117G/H124L_background
1EY0A,1STN,A,W140Y,-1.10,7.00,20.00,P47G/P117G/H124L_background
1EY0A,1STN,A,Y27C,-2.90,7.00,20.00,
1EY0A,1STN,A,Y27D,-5.40,7.00,20.00,
1EY0A,1STN,A,Y27E,-5.00,7.00,20.00,
1EY0A,1STN,A,Y27G,-5.45,7.00,20.00,
1EY0A,1STN,A,Y27P,-6.10,7.00,20.00,
1EY0A,1STN,A,Y54F,-0.50,7.00,20.00,
1EY0A,1STN,A,Y91A,-5.30,7.00,20.00,
1EY0A,1STN,A,Y91G,-6.70,7.00,20.00,
1EY0A,1STN,A,Y93A,-6.50,7.00,20.00,
1EY0A,1STN,A,Y93G,-7.50,7.00,20.00,
1FLVA,1FLV,A,A101L,0.08,7.00,25.00,apo_form
1FLVA,1FLV,A,A101V,-0.32,7.00,25.00,apo_form
1FLVA,1FLV,A,F7L,-0.04,6.00,25.00,apo_form
1FLVA,1FLV,A,G87A,-0.13,7.00,25.00,apo_form
1FLVA,1FLV,A,G87L,-0.64,7.00,25.00,apo_form
1FLVA,1FLV,A,G87V,-0.13,7.00,25.00,apo_form
1FLVA,1FLV,A,H34A,-0.83,6.00,25.00,apo_form
1FLVA,1FLV,A,V18I,1.03,7.00,25.00,apo_form
1FLVA,1FLV,A,V18L,0.60,7.00,25.00,apo_form
1FLVA,1FLV,A,V83I,0.13,7.00,25.00,apo_form
1FLVA,1FLV,A,Y47F,-0.59,6.00,25.00,apo_form
1FLVA,1FTG,A,A101V,0.22,7.00,25.00,residues_2-149
1FLVA,1FTG,A,A84G,-2.17,7.00,25.00,
1FLVA,1FTG,A,D126K,1.01,7.00,25.00,
1FLVA,1FTG,A,D150K,-0.28,7.00,25.00,
1FLVA,1FTG,A,D43A,0.09,7.00,25.00,
1FLVA,1FTG,A,D65K,-0.26,7.00,25.00,
1FLVA,1FTG,A,D75K,0.31,7.00,25.00,residues_2-149
1FLVA,1FTG,A,D75K,1.00,7.00,25.00,
1FLVA,1FTG,A,E107A,0.23,7.00,25.00,residues_2-149
1FLVA,1FTG,A,E20K,0.28,7.00,25.00,residues_2-149
1FLVA,1FTG,A,E20K,1.60,7.00,25.00,
1FLVA,1FTG,A,E40K,0.38,7.00,25.00,residues_2-149
1FLVA,1FTG,A,E40K,2.21,7.00,25.00,
1FLVA,1FTG,A,E61K,0.88,7.00,25.00,
1FLVA,1FTG,A,E72K,0.29,7.00,25.00,residues_2-149
1FLVA,1FTG,A,E72K,1.28,7.00,25.00,
1FLVA,1FTG,A,G68A,0.45,7.00,25.00,residues_2-149
1FLVA,1FTG,A,I104V,-0.67,7.00,25.00,
1FLVA,1FTG,A,I156V,-3.60,7.00,25.00,
1FLVA,1FTG,A,I21A,-0.02,7.00,25.00,residues_2-149
1FLVA,1FTG,A,I21G,0.01,7.00,25.00,residues_2-149
1FLVA,1FTG,A,I51V,-1.98,7.00,25.00,
1FLVA,1FTG,A,I52V,-1.38,7.00,25.00,
1FLVA,1FTG,A,L143A,-0.14,7.00,25.00,
1FLVA,1FTG,A,L50A,0.05,7.00,25.00,residues_2-149
1FLVA,1FTG,A,L6A,-3.53,7.00,25.00,
1FLVA,1FTG,A,N97A,-0.83,7.00,25.00,
1FLVA,1FTG,A,Q111G,0.10,7.00,25.00,residues_2-149
1FLVA,1FTG,A,Q99A,0.24,7.00,25.00,residues_2-149
1FLVA,1FTG,A,Q99A,1.72,7.00,25.00,
1FLVA,1FTG,A,S110A,-1.03,7.00,25.00,
1FLVA,1FTG,A,S71A,-0.65,7.00,25.00,
1FLVA,1FTG,A,T122S,-0.37,7.00,25.00,
1FLVA,1FTG,A,V117A,-2.05,7.00,25.00,
1FLVA,1FTG,A,V139A,-1.51,7.00,25.00,
1FLVA,1FTG,A,V160A,-2.46,7.00,25.00,
1FLVA,1FTG,A,V18I,0.27,7.00,25.00,residues_2-149
1FLVA,1FTG,A,V31A,-2.39,7.00,25.00,
1FLVA,1FTG,A,V83I,0.06,7.00,25.00,residues_2-149
1FNFA,1FNF,A,L1408P,-0.02,7.00,25.00,
1FNFA,1TTG,A,I34V,-0.41,5.00,25.00,
1FNFA,1TTG,A,P25A,-0.48,5.00,25.00,
1FNFA,1TTG,A,P5A,0.11,5.00,25.00,
1FNFA,1TTG,A,P64A,-0.41,5.00,25.00,
1FNFA,1TTG,A,P82A,-0.42,5.00,25.00,
1FNFA,1TTG,A,P87A,-0.21,5.00,25.00,
1FNFA,1TTG,A,V50A,-2.42,5.00,25.00,
1HMEA,1HME,A,G35H,-0.34,7.00,20.00,
1HMSA,1IFB,A,F68A,1.38,7.00,25.00,
1HMSA,1IFB,A,F93A,-2.42,7.00,25.00,
1HMSA,1IFB,A,W6Y,-0.93,7.00,25.00,
1HMSA,1IFB,A,W82Y,0.09,7.00,25.00,
1HMSA,2HMB,A,F16Y,-3.44,8.00,25.00,
1HMSA,2HMB,A,F57S,-3.63,8.00,25.00,
1HMSA,2HMB,A,R106T,-3.54,8.00,25.00,
1HMSA,2HMB,A,R126K,-4.66,8.00,25.00,
1HMSA,2HMB,A,R126Q,-0.62,8.00,25.00,
1HMSA,2HMB,A,T40E,-3.27,8.00,25.00,
1HMSA,2HMB,A,T40Q,-4.37,8.00,25.00,
1HMSA,2HMB,A,T40V,-1.84,8.00,25.00,
1HMSA,2HMB,A,Y128F,-3.82,8.00,25.00,
1HMSA,2IFB,A,A104C,2.54,7.20,20.00,
1HMSA,2IFB,A,G65A,-1.33,7.40,20.00,
1HMSA,2IFB,A,I23C,0.91,7.20,20.00,
1HMSA,2IFB,A,L64A,-2.07,7.40,20.00,
1HMSA,2IFB,A,L64G,-2.63,7.40,20.00,
1HMSA,2IFB,A,L72C,-0.14,7.20,20.00,
1HMSA,2IFB,A,L89C,-0.60,7.20,20.00,
1HMSA,2IFB,A,S53C,0.58,7.20,20.00,
1HMSA,2IFB,A,V60C,0.80,7.20,20.00,
1HMSA,2IFB,A,V60N,-0.76,7.00,25.00,
1HNGA,1HNG,A,A40G,-1.71,7.00,25.00,residues_2-99
1HNGA,1HNG,A,I18V,-1.17,7.00,25.00,residues_2-99
1HNGA,1HNG,A,I57V,-0.43,7.00,25.00,residues_2-99
1HNGA,1HNG,A,L16V,-2.20,7.00,25.00,residues_2-99
1HNGA,1HNG,A,L50V,0.37,7.00,25.00,residues_2-99
1HNGA,1HNG,A,L89V,-0.14,7.00,25.00,residues_2-99
1HNGA,1HNG,A,L95V,-0.75,7.00,25.00,residues_2-99
1HNGA,1HNG,A,V30A,-4.88,7.00,25.00,residues_2-99
1HNGA,1HNG,A,V78A,-3.01,7.00,25.00,residues_2-99
1HNGA,1HNG,A,Y76F,-1.49,5.00,25.00,residues_2-99
1HZ6A,1HZ6,A,A13P,-0.05,7.00,22.00,
1HZ6A,1HZ6,A,A13V,-1.08,7.00,22.00,
1HZ6A,1HZ6,A,A20G,-2.15,7.00,22.00,
1HZ6A,1HZ6,A,A20V,1.12,7.00,22.00,
1HZ6A,1HZ6,A,A29G,-2.49,7.00,22.00,
1HZ6A,1HZ6,A,A33G,-3.34,7.00,22.00,
1HZ6A,1HZ6,A,A35G,-1.22,7.00,22.00,
1HZ6A,1HZ6,A,A37G,-3.29,7.00,22.00,
1HZ6A,1HZ6,A,A52G,-0.57,7.00,22.00,
1HZ6A,1HZ6,A,A8G,-2.35,7.00,22.00,
1HZ6A,1HZ6,A,D38A,-1.05,7.00,22.00,
1HZ6A,1HZ6,A,D38G,-1.95,7.00,22.00,
1HZ6A,1HZ6,A,D50A,-0.08,7.00,22.00,
1HZ6A,1HZ6,A,E21A,-0.66,7.00,22.00,
1HZ6A,1HZ6,A,E32G,-1.09,7.00,22.00,
1HZ6A,1HZ6,A,E32I,-1.13,7.00,22.00,
1HZ6A,1HZ6,A,E46A,-0.16,7.00,22.00,
1HZ6A,1HZ6,A,F12A,-2.91,7.00,22.00,
1HZ6A,1HZ6,A,F12L,-0.55,7.00,22.00,
1HZ6A,1HZ6,A,F22A,-5.25,7.00,22.00,
1HZ6A,1HZ6,A,F22L,-3.27,7.00,22.00,
1HZ6A,1HZ6,A,F26G,-3.15,7.00,22.00,
1HZ6A,1HZ6,A,F26L,-0.42,7.00,22.00,
1HZ6A,1HZ6,A,G15A,-1.58,7.00,22.00,
1HZ6A,1HZ6,A,G15V,-2.70,7.00,22.00,
1HZ6A,1HZ6,A,G24A,-1.94,7.00,22.00,
1HZ6A,1HZ6,A,G45A,-1.92,7.00,22.00,
1HZ6A,1HZ6,A,G55A,-2.12,7.00,22.00,
1HZ6A,1HZ6,A,I11A,-1.26,7.00,22.00,
1HZ6A,1HZ6,A,I11V,-0.43,7.00,22.00,
1HZ6A,1HZ6,A,I6A,-4.50,7.00,22.00,
1HZ6A,1HZ6,A,K23A,-0.93,7.00,22.00,
1HZ6A,1HZ6,A,K28G,-0.02,7.00,22.00,
1HZ6A,1HZ6,A,K41A,0.40,7.00,22.00,
1HZ6A,1HZ6,A,K42A,0.14,7.00,22.00,
1HZ6A,1HZ6,A,K54A,-0.11,7.00,22.00,
1HZ6A,1HZ6,A,K7A,-0.90,7.00,22.00,
1HZ6A,1HZ6,A,L10A,-2.69,7.00,22.00,
1HZ6A,1HZ6,A,L40A,-2.25,7.00,22.00,
1HZ6A,1HZ6,A,N14A,-1.72,7.00,22.00,
1HZ6A,1HZ6,A,N44A,-0.36,7.00,22.00,
1HZ6A,1HZ6,A,N9A,-1.75,7.00,22.00,
1HZ6A,1HZ6,A,S16A,-0.22,7.00,22.00,
1HZ6A,1HZ6,A,S31A,0.34,7.00,22.00,
1HZ6A,1HZ6,A,S31G,-0.78,7.00,22.00,
1HZ6A,1HZ6,A,T17A,-1.17,7.00,22.00,
1HZ6A,1HZ6,A,T19A,-1.01,7.00,22.00,
1HZ6A,1HZ6,A,T25A,-1.10,7.00,22.00,
1HZ6A,1HZ6,A,T30A,-1.17,7.00,22.00,
1HZ6A,1HZ6,A,T39G,-0.23,7.00,22.00,
1HZ6A,1HZ6,A,T48A,-1.25,7.00,22.00,
1HZ6A,1HZ6,A,T5A,-1.76,7.00,22.00,
1HZ6A,1HZ6,A,V49A,-0.91,7.00,22.00,
1HZ6A,1HZ6,A,V4A,-1.32,7.00,22.00,
1HZ6A,1HZ6,A,V51A,-0.98,7.00,22.00,
1HZ6A,1HZ6,A,Y34A,-2.81,7.00,22.00,
1HZ6A,1HZ6,A,Y36A,-2.49,7.00,22.00,
1HZ6A,1HZ6,A,Y56A,-1.51,7.00,22.00,
1IETA,1B5M,A,D60R,0.14,7.20,25.00,apo_form
1IETA,1B5M,A,P81A,-1.51,7.20,25.00,apo_form
1IETA,1CYO,A,S71L,0.80,7.00,25.00,apo_form
1IOBA,1IOB,A,C8A,-2.52,6.50,25.00,
1IOBA,1IOB,A,C8S,-4.80,6.50,25.00,
1IOBA,1IOB,A,L10A,-5.10,6.50,25.00,
1IOBA,1IOB,A,L6A,-3.10,6.50,25.00,
1IOBA,1IOB,A,N7D,0.43,6.50,25.00,
1IOBA,1IOB,A,N7G,-2.60,6.50,25.00,
1IOBA,1IOB,A,R4P,-0.40,6.50,25.00,
1IOBA,1IOB,A,R4Q,-1.00,6.50,25.00,
1LS4A,1LS4,A,A140K,-1.69,7.40,25.00,
1LS4A,1LS4,A,L17K,-1.36,7.40,25.00,
1LS4A,1LS4,A,T144A,-1.32,7.40,25.00,
1LS4A,1LS4,A,T31A,0.60,7.40,25.00,
1MGRA,1MGR,A,Y54F,-2.60,7.00,25.00,
1MGRA,1MGR,A,Y84F,-1.00,7.00,25.00,
1MGRA,1RGG,A,D25H,0.90,7.00,25.00,
1MGRA,1RGG,A,E41K,-1.20,7.00,25.00,
1MGRA,1RGG,A,E74K,1.10,7.00,25.00,
1MGRA,1RGG,A,R40E,-0.40,7.00,25.00,
1MGRA,1RGG,A,Y30F,0.40,7.00,25.00,
1MGRA,1RGG,A,Y55F,-0.60,7.00,25.00,
1MGRA,1RGG,A,Y80F,-1.50,7.00,25.00,
1MJCA,1CSP,A,E3R,0.88,7.00,25.00,
1MJCA,1CSP,A,E66L,1.34,7.00,25.00,
1MJCA,1CSP,A,F15A,-2.27,7.00,25.00,
1MJCA,1CSP,A,F17A,-1.53,7.00,25.00,
1MJCA,1CSP,A,F27A,-0.76,7.00,25.00,
1MJCA,1CSP,A,F38A,0.15,7.00,25.00,
1MJCA,1MJC,A,F20L,-0.31,7.00,25.00,
1MJCA,1MJC,A,F20S,-1.16,7.00,25.00,
1MJCA,1MJC,A,F31S,-1.03,7.00,25.00,
1MJCA,1MJC,A,S52W,-0.20,7.00,25.00,
1MSIA,1MSI,A,D58N,-0.06,7.00,25.00,
1MSIA,1MSI,A,E25A,-0.02,7.00,25.00,
1MSIA,1MSI,A,R47A,-0.56,7.00,25.00,
1OIAA,1OIA,A,Y78D,-5.10,7.00,22.00,
1OIAA,1OIA,A,Y78F,0.00,7.00,22.00,
1OIAA,1OIA,A,Y86T,-2.90,7.00,22.00,
1ONCA,1ONC,A,F28T,-5.31,5.50,20.00,
1PGAA,1PGA,A,T53I,0.10,5.20,20.00,
1PGAA,1PGA,A,A23P,-0.30,5.50,25.00,
1PGAA,1PGA,A,A24P,-0.50,5.50,25.00,
1PGAA,1PGA,A,A26P,-3.40,5.50,25.00,
1PGAA,1PGA,A,A48P,-0.70,5.50,25.00,
1PGAA,1PGA,A,D36P,-3.10,5.50,25.00,
1PGAA,1PGA,A,G9P,-2.40,5.50,25.00,
1PGAA,1PGA,A,I6N,-1.53,5.20,25.00,
1PGAA,1PGA,A,I6T,-1.60,5.20,25.00,
1PGAA,1PGA,A,K10P,-0.20,5.50,25.00,
1PGAA,1PGA,A,T25P,-2.80,5.50,25.00,
1PGAA,1PGA,A,T2P,-2.70,5.50,25.00,
1PGAA,1PGA,A,T51S,-3.40,5.50,25.00,
1PGAA,1PGA,A,T53F,1.01,5.20,25.00,
1PGAA,1PGA,A,T53V,-0.80,5.20,25.00,
1PGAA,1PGA,A,T53Y,0.50,5.20,25.00,
1PGAA,1PGA,A,V21P,0.50,5.50,25.00,
1PGAA,1PGA,A,V29P,-3.50,5.50,25.00,
1RG8A,2AFG,A,F108Y,0.94,7.30,20.00,
1RG8A,2AFG,A,H102Y,0.44,7.30,20.00,
1RG8A,2AFG,A,H21Y,1.01,7.30,20.00,
1RG8A,2AFG,A,L44F,0.87,7.30,20.00,
1RG8A,2AFG,A,V109I,0.06,7.30,20.00,
1RG8A,2AFG,A,C117I,-0.36,6.60,25.00,
1RG8A,2AFG,A,C16S,-2.89,6.60,25.00,
1RG8A,2AFG,A,F132W,0.33,6.60,25.00,
1RG8A,2AFG,A,F85W,0.01,6.60,25.00,
1RG8A,2AFG,A,L44W,0.57,6.60,25.00,
1RG8A,2AFG,A,N106G,0.38,6.60,25.00,
1RG8A,2AFG,A,V31I,-0.96,6.60,25.00,
1RISA,1RIS,A,F60A,0.30,8.00,25.00,
1RISA,1RIS,A,I8A,-2.90,8.00,25.00,
1RISA,1RIS,A,L21A,1.20,8.00,25.00,
1RISA,1RIS,A,L48A,-0.30,8.00,25.00,
1RISA,1RIS,A,L75A,-0.70,8.00,25.00,
1RISA,1RIS,A,L79A,-2.70,8.00,25.00,
1RISA,1RIS,A,Y33A,0.60,8.00,25.00,
1RTBA,1RTB,A,F46A,-6.36,6.00,25.00,
1RTBA,1RTB,A,F46V,-4.54,6.00,25.00,
1SHFA,1SHF,A,E107F,-1.63,8.00,25.00,
1SHFA,1SHF,A,E107H,-0.99,8.00,25.00,
1SHFA,1SHF,A,E107K,-0.97,8.00,25.00,
1SHFA,1SHF,A,E107L,-2.87,8.00,25.00,
1SHFA,1SHF,A,E107P,-1.71,8.00,25.00,
1SHFA,1SHF,A,E107Y,-2.40,8.00,25.00,
1SHFA,1SHF,A,G128A,-1.84,8.00,25.00,
1SHFA,1SHF,A,S124D,-2.02,8.00,25.00,
1SHFA,1SHF,A,S124F,-1.90,8.00,25.00,
1SHFA,1SHF,A,S124G,-1.68,8.00,25.00,
1SHFA,1SHF,A,S124H,-1.25,8.00,25.00,
1SHFA,1SHF,A,S124L,-0.37,8.00,25.00,
1SHFA,1SHF,A,S124N,-0.73,8.00,25.00,
1SHGA,1SHG,A,K18F,-2.33,7.00,25.00,
1SHGA,1SHG,A,Y13F,-2.53,7.00,25.00,
1SHGA,1SHG,A,Y57F,-2.57,7.00,25.00,
1TENA,1TEN,A,Y869A,-1.88,5.00,25.00,
1TITA,1TIT,A,C63S,-5.43,7.30,25.00,
1TITA,1TIT,A,F73L,-3.06,7.40,25.00,residues_25-89
1TITA,1TIT,A,L41A,-2.67,7.40,25.00,residues_25-89
1TITA,1TIT,A,L58A,-3.61,7.40,25.00,residues_25-89
1TITA,1TIT,A,L60A,-5.27,7.40,25.00,residues_25-89
1TITA,1TIT,A,V86A,-4.78,7.40,25.00,residues_25-89
1TITA,1TIT,A,Y9F,-0.40,7.40,25.00,
1TITA,1TIT,A,Y9G,-0.80,7.40,25.00,
1TITA,1TIT,A,Y9P,-2.20,7.40,25.00,
1TITA,1TIT,A,Y9S,-0.20,7.40,25.00,
1UWOA,1IGV,A,F66W,-2.34,7.00,25.00,
1UWOA,1IGV,A,P20G,-1.19,7.10,25.00,
1UWOA,1IGV,A,V70L,-1.20,7.00,25.00,
1UWOA,1IGV,A,Y13F,-1.19,7.10,25.00,
1W4HA,1W4H,A,A130G,-0.04,7.00,25.00,H142W_background
1W4HA,1W4H,A,A134G,-0.37,7.00,25.00,H142W_background
1W4HA,1W4H,A,A140G,-1.02,7.00,25.00,H142W_background
1W4HA,1W4H,A,A146G,-0.58,7.00,25.00,H142W_background
1W4HA,1W4H,A,A148G,-0.43,7.00,25.00,H142W_background
1W4HA,1W4H,A,A168G,-0.07,7.00,25.00,H142W_background
1W4HA,1W4H,A,D162N,-3.10,7.00,25.00,H142W_background
1W4HA,1W4H,A,H166A,0.06,7.00,25.00,H142W_background
1W4HA,1W4H,A,H166G,-1.58,7.00,25.00,H142W_background
1W4HA,1W4H,A,I135A,-1.63,7.00,25.00,H142W_background
1W4HA,1W4H,A,I135V,-0.03,7.00,25.00,H142W_background
1W4HA,1W4H,A,I149V,-0.75,7.00,25.00,H142W_background
1W4HA,1W4H,A,L131A,-0.94,7.00,25.00,H142W_background
1W4HA,1W4H,A,L138A,-1.67,7.00,25.00,H142W_background
1W4HA,1W4H,A,L139A,-3.50,7.00,25.00,H142W_background
1W4HA,1W4H,A,L144A,-1.90,7.00,25.00,H142W_background
1W4HA,1W4H,A,L158A,-2.12,7.00,25.00,H142W_background
1W4HA,1W4H,A,L167A,-0.57,7.00,25.00,H142W_background
1W4HA,1W4H,A,L167A,-1.18,7.00,25.00,L131W_background
1W4HA,1W4H,A,P133A,0.38,7.00,25.00,H142W_background
1W4HA,1W4H,A,S132G,-0.47,7.00,25.00,H142W_background
1W4HA,1W4H,A,T152A,-1.36,7.00,25.00,H142W_background
1W4HA,1W4H,A,T152S,-0.29,7.00,25.00,H142W_background
1W4HA,1W4H,A,T159S,-1.63,7.00,25.00,H142W_background
1W4HA,1W4H,A,V154G,-0.84,7.00,25.00,H142W_background
1W4HA,1W4H,A,V163A,-2.02,7.00,25.00,H142W_background
1ZNJA,1ZNJ,A,T8A,0.16,8.00,25.00,
1ZNJA,1ZNJ,A,T8H,1.76,8.00,25.00,
1ZNJA,1ZNJ,A,T8R,1.25,8.00,25.00,
2CI2I,2CI2,I,E33N,-0.28,6.30,25.00,
2CI2I,2CI2,I,F69L,-1.92,6.30,25.00,
2CI2I,2CI2,I,L51V,-1.02,6.30,25.00,
2CI2I,2CI2,I,R67A,-1.21,7.00,30.00,
2LZMA,2LZM,A,A146I,-4.31,7.00,22.00,
2LZMA,2LZM,A,A146T,-2.87,7.00,22.00,
2LZMA,2LZM,A,A160T,-4.55,7.00,22.00,
2LZMA,2LZM,A,A82P,-0.72,7.00,22.00,
2LZMA,2LZM,A,C54Y,-5.02,7.00,22.00,
2LZMA,2LZM,A,F153C,-3.11,7.00,22.00,
2LZMA,2LZM,A,G156D,-4.07,7.00,22.00,
2LZMA,2LZM,A,G51D,-2.63,7.00,22.00,
2LZMA,2LZM,A,G77A,-1.20,7.00,22.00,
2LZMA,2LZM,A,I58Y,-3.11,7.00,22.00,
2LZMA,2LZM,A,L91P,-8.13,7.00,22.00,
2LZMA,2LZM,A,M6I,-4.78,7.00,22.00,
2LZMA,2LZM,A,P37A,0.00,7.00,22.00,
2LZMA,2LZM,A,P86G,-1.91,7.00,22.00,
2LZMA,2LZM,A,Q105G,-3.11,7.00,22.00,
2LZMA,2LZM,A,S38D,-1.20,7.00,22.00,
2LZMA,2LZM,A,W126R,-5.74,7.00,22.00,
2LZMA,2LZM,A,A130G,-2.10,6.00,25.00,C54T/C97A_background
2LZMA,2LZM,A,A42G,-3.20,6.00,25.00,C54T/C97A_background
2LZMA,2LZM,A,I150V,-2.10,6.00,25.00,C54T/C97A_background
2LZMA,2LZM,A,I27A,-3.90,6.00,25.00,C54T/C97A_background
2LZMA,2LZM,A,I50A,-2.90,6.00,25.00,C54T/C97A_background
2LZMA,2LZM,A,K135E,-1.00,5.30,25.00,
2LZMA,2LZM,A,K147E,-0.70,5.30,25.00,
2LZMA,2LZM,A,L121A,-4.20,6.00,25.00,C54T/C97A_background
2LZMA,2LZM,A,L66P,-7.12,7.00,25.00,
2LZMA,2LZM,A,L7A,-4.10,6.00,25.00,C54T/C97A_background
2LZMA,2LZM,A,R119E,0.00,5.30,25.00,
2LZMA,2LZM,A,V87A,-2.80,6.00,25.00,C54T/C97A_background
2Q98A,2Q98,A,H138A,2.04,5.80,25.00,
2Q98A,2Q98,A,H173A,0.24,5.80,25.00,
2Q98A,2Q98,A,H180A,1.39,5.80,25.00,
2Q98A,2Q98,A,H195A,-0.03,5.80,25.00,
2Q98A,2Q98,A,H27A,0.09,5.80,25.00,
2Q98A,2Q98,A,H30A,3.10,5.80,25.00,
2Q98A,2Q98,A,H46A,-0.11,5.80,25.00,
2Q98A,2Q98,A,H59A,2.26,5.80,25.00,
2Q98A,2Q98,A,H97A,1.07,5.80,25.00,
2RN2A,2RN2,A,D10A,3.30,5.50,25.00,
2RN2A,2RN2,A,H62A,0.37,5.50,25.00,
2RN2A,2RN2,A,H62P,0.74,5.50,25.00,
2RN2A,2RN2,A,H83A,0.11,5.50,25.00,
2RN2A,2RN2,A,I53A,-2.10,5.50,25.00,
2RN2A,2RN2,A,Q105G,-2.20,5.50,25.00,
2RN2A,2RN2,A,R27A,-2.20,5.50,25.00,
2RN2A,2RN2,A,S68A,0.19,5.50,25.00,
2RN2A,2RN2,A,S68G,-2.20,5.50,25.00,
2RN2A,2RN2,A,S68L,-1.00,5.50,25.00,
2RN2A,2RN2,A,S68T,0.10,5.50,25.00,
2RN2A,2RN2,A,S68V,1.29,5.50,25.00,
2TRXA,2TRX,A,D26I,3.10,7.00,25.00,
2TRXA,2TRX,A,P34S,-0.10,7.00,25.00,
2TRXA,2TRX,A,P76A,-3.90,7.00,25.00,
2TRXA,2TRX,A,T66L,-1.40,7.00,25.00,
3BLSA,3BLS,A,Y150F,-1.00,6.80,25.00,
3D2AA,3D2A,A,M134E,0.66,7.20,25.00,
3D2AA,3D2A,A,M137P,0.98,7.20,25.00,
3D2AA,3D2A,A,S163P,-0.25,7.20,25.00,
3MBPA,3MBP,A,P133S,0.00,7.10,22.00,
3MBPA,3MBP,A,P159A,-1.00,7.10,22.00,
3MBPA,3MBP,A,P159S,-1.70,7.10,22.00,
3MBPA,3MBP,A,P48S,-0.30,7.10,22.00,
3MBPA,3MBP,A,I108A,-3.15,8.00,25.00,
3MBPA,3MBP,A,I161A,-3.25,8.00,25.00,
3MBPA,3MBP,A,I226A,-4.95,8.00,25.00,
3MBPA,3MBP,A,I59A,-1.20,8.00,25.00,
3MBPA,3MBP,A,L115A,-3.10,8.00,25.00,
3MBPA,3MBP,A,L147A,-3.00,8.00,25.00,
3MBPA,3MBP,A,L192A,-3.10,8.00,25.00,
3MBPA,3MBP,A,L195A,-4.20,8.00,25.00,
3MBPA,3MBP,A,L361A,-2.00,8.00,25.00,
3MBPA,3MBP,A,V347A,-2.00,8.00,25.00,
3MBPA,3MBP,A,W10A,-4.30,7.60,25.00,
3PGKA,3PGK,A,H388Q,-0.84,6.50,25.00,
