CLID,PDB,CHAIN,MUT,DDG,NMUTS
1A23A,1A23,A,C30S;C33S,-2.00,2
1A5EA,1A5E,A,W15D;L37S;L121R,1.42,3
1AARA,1OTR,B,E34K;K11A,-1.77,2
1AARA,1OTR,B,E34K;K11E,-0.53,2
1AARA,1OTR,B,E34S;K11E,0.45,2
1AARA,1OTR,B,I30F;I36L,-3.32,2
1AARA,1OTR,B,I30F;I36V,-3.18,2
1AARA,1OTR,B,I30L;I36F,-1.29,2
1AARA,1OTR,B,I30L;I36L,-1.94,2
1AARA,1OTR,B,I30L;I36V,-1.41,2
1AARA,1OTR,B,I30V;I36F,-2.49,2
1AARA,1OTR,B,I30V;I36L,-1.58,2
1AARA,1OTR,B,I30V;I36V,-1.86,2
1AARA,1OTR,B,K11A;E34L,1.65,2
1AARA,1OTR,B,K11A;E34S,0.12,2
1ACBI,1ACB,I,L20A;V47A,-1.97,2
1ACBI,1ACB,I,V47A;V55A,-2.87,2
1ACBI,1ACB,I,V7A;V11A,-2.52,2
1AG2A,1AG2,A,D55N;M6N,-1.72,2
1AG2A,1AG2,A,D55N;M6V,-1.91,2
1AM7A,1AM7,A,H30N;H133N,1.80,2
1AMQA,1AMQ,A,K68E;E265K,-6.60,2
1AMQA,1AMQ,A,K68M;E265Q,-4.95,2
1AMQA,1AMQ,A,C82A;C191A;C192A;C270A;C401A,-1.00,5
1APSA,2ACY,A,K24E;E63K;N82K;Q95K,1.67,4
1AQHA,1AQH,A,Q58C;A99C,1.87,2
1ARRA,1ARR,A,L12R;R13T,-1.80,2
1ARRA,1ARR,A,F45L;R50G;I51S,-1.20,3
1ARRA,1ARR,A,N29A;S44A;E48A,1.32,3
1ARRA,1ARR,A,Q9A;N11A;R13A,1.21,3
1ARRA,1ARR,A,Q9G;N11G;R13G,0.20,3
1ARRA,1ARR,A,K46R;E48V;I51S;A53K,-0.90,4
1ARRA,1ARR,A,K2T;G3A;S5N;M7T;P8Q,2.90,5
1ARRA,1ARR,A,K2T;M4R;S5R;K6E;P8T,2.80,5
1ARRA,1ARR,A,Q9R;F10L;N11I;R13K;R16G,0.40,5
1BCXA,1BCX,A,S100C;N148C,1.67,2
1BCXA,1BCX,A,V98C;A152C,-7.53,2
1BNIA,1BNI,A,A41C;S78C,-0.64,2
1BNIA,1BNI,A,D10A;R108A,-0.72,2
1BNIA,1BNI,A,D10A;T14R,-0.13,2
1BNIA,1BNI,A,D6A;D10A,-0.58,2
1BNIA,1BNI,A,D6A;R108A,-0.47,2
1BNIA,1BNI,A,D6A;V8A,-1.13,2
1BNIA,1BNI,A,H16A;W92L,-2.30,2
1BNIA,1BNI,A,H16G;W92L,-0.43,2
1BNIA,1BNI,A,H16K;W92L,-2.70,2
1BNIA,1BNI,A,H16N;W92L,-1.70,2
1BNIA,1BNI,A,H16R;W92L,-1.60,2
1BNIA,1BNI,A,H16S;W92L,-2.80,2
1BNIA,1BNI,A,I2A;I49V,-2.63,2
1BNIA,1BNI,A,I2A;I74V,-1.86,2
1BNIA,1BNI,A,I2A;Y76F,-2.53,2
1BNIA,1BNI,A,R67S;D91N,-3.49,2
1BNIA,1BNI,A,R81K;D73N,-5.40,2
1BNIA,1BNI,A,S83C;H100C,-5.95,2
1BNIA,1BNI,A,T14S;Y15A,-2.47,2
1BNIA,1BNI,A,T24H;D52N,-5.00,2
1BNIA,1BNI,A,W92L;H16G,0.33,2
1BNIA,1BNI,A,Y11A;Y15A,2.23,2
1BNIA,1BNI,A,Y11F;Y15F,-1.23,2
1BNIA,1BNI,A,Y15A;T14A,-1.92,2
1BNIA,1BNI,A,D6A;D10A;R108A,0.99,3
1BNIA,1BNI,A,Q13I;T14R;K17R,1.98,3
1BNIA,1BNI,A,I2A;I23V;I49V;Y76F,-5.20,4
1BNIA,1BNI,A,Q13I;T14R;K17R;G63S;K64A;K106R,2.98,6
1BPIA,1BPI,A,C30A;C51A,-6.14,2
1BPIA,1BPI,A,C30A;C51S,-8.93,2
1BPIA,1BPI,A,C30G;C51A,-8.74,2
1BPIA,1BPI,A,C30S;C51A,-8.00,2
1BPIA,1BPI,A,C30T;C51A,-7.81,2
1BPIA,1BPI,A,C30V;C51A,-5.95,2
1BRFA,1BRF,A,A1K;I23V,-0.55,2
1BRFA,1BRF,A,A1K;L32I,-0.88,2
1BVCA,1BVC,A,G129A;V114A,-0.92,2
1BVCA,1BVC,A,G129A;V66A,-1.36,2
1BVCA,1BVC,A,G23A;G25A,0.76,2
1BVCA,1BVC,A,G65A;G73A,-0.12,2
1BVCA,1BVC,A,H24V;H119F,0.57,2
1BVCA,1BVC,A,L11A;V66A,0.57,2
1BVCA,1BVC,A,N132G;E136G,-0.30,2
1BVCA,1BVC,A,V66A;G23A,-0.45,2
1BVCA,1BVC,A,V66A;L135A,4.79,2
1BVCA,1BVC,A,V66A;L137A,0.42,2
1BVCA,1BVC,A,V66A;L149A,0.97,2
1BVCA,1BVC,A,V66A;V114A,0.62,2
1BVCA,1BVC,A,V66A;V13A,-0.86,2
1BVCA,1BVC,A,V114A;H116A;S117A,-0.70,3
1BVCA,1BVC,A,V114A;L149A;G129A,1.40,3
1BVCA,1BVC,A,V66A;G129A;G23A,-1.10,3
1BVCA,1BVC,A,V66A;G129A;L149A,-0.16,3
1BVCA,1BVC,A,V66A;V114A;G129A,0.64,3
1BVCA,1BVC,A,V66A;V114A;V13A,0.97,3
1BVCA,1BVC,A,V114A;G129A;V66A;L149A,0.72,4
1BVCA,1BVC,A,V114A;H116A;S117A;G23A,-0.48,4
1BVCA,1BVC,A,V66A;G129A;G23A;V13A,-0.75,4
1BVCA,1BVC,A,V66A;V114A;V13A;G23A,-1.48,4
1BVCA,1BVC,A,V114A;V66A;G129A;L149A;G23A,0.31,5
1BVCA,1BVC,A,V114A;H116A;S117A;V66A;G129A;L149A,-0.92,6
1BVCA,1BVC,A,V66A;V114A;G129A;L149A;G23A;V13A,-0.37,6
1C2RA,1C2R,A,K14E;K32E,-0.80,2
1C2RA,1I5T,A,H26V;H33F,-2.15,2
1C2RA,1I5T,A,H26V;N52I,-1.86,2
1C2RA,1I5T,A,P30A;Y67F,-2.58,2
1C2RA,1YCC,A,D94C;C106T,0.91,2
1C2RA,1YCC,A,F86Y;L89A,-2.90,2
1C2RA,1YCC,A,G11A;N57I,-0.64,2
1C2RA,1YCC,A,G11S;N57I,-0.31,2
1C2RA,1YCC,A,G34S;N57I,-1.50,2
1C2RA,1YCC,A,H38P;N57I,-0.80,2
1C2RA,1YCC,A,N57A;C106A,3.90,2
1C2RA,1YCC,A,N57G;C106A,0.90,2
1C2RA,1YCC,A,N57I;C106A,6.20,2
1C2RA,1YCC,A,R18C;C106T,4.21,2
1C2RA,1YCC,A,T100A;C106T,-2.23,2
1C2RA,1YCC,A,T74E;C106T,0.76,2
1C2RA,1YCC,A,R18C;D94C;C106T,0.91,3
1C2RA,1YCC,A,T74E;T100A;C106T,-2.47,3
1C2RA,1YCC,A,H31N;H38N;H44Q;C106S,-1.05,4
1C5GA,1QLP,A,F29L;M352I,3.60,2
1C5GA,1QLP,A,S359A;K365R,2.10,2
1C5GA,1QLP,A,T37A;T46A;A48G,3.40,3
1CAHA,1CAH,A,H105N;E115A,1.80,2
1CAHA,1CAH,A,I253C;C203S,-1.35,2
1CAHA,1CAH,A,L58C;S170C,-1.35,2
1CAHA,1CAH,A,S54C;C203S,-1.35,2
1CAHA,1CAH,A,V66C;C203S,-1.80,2
1CAHA,1CAH,A,W121C;C203S,-1.20,2
1CAHA,1CAH,A,W3F;W14F,-3.40,2
1CEYA,1CEY,A,A102G;F13N,1.20,2
1CEYA,1CEY,A,A35G;F13N,-0.20,2
1CEYA,1CEY,A,A41G;F13N,0.60,2
1CEYA,1CEY,A,A96G;F13N,1.50,2
1CEYA,1CEY,A,A97G;F13N,1.60,2
1CEYA,1CEY,A,D37A;F13N,1.00,2
1CEYA,1CEY,A,D37G;F13N,1.90,2
1CEYA,1CEY,A,D63A;F13N,1.70,2
1CEYA,1CEY,A,D63G;F13N,2.60,2
1CEYA,1CEY,A,G75A;F13N,3.40,2
1CEYA,1CEY,A,K90A;F13N,3.30,2
1CEYA,1CEY,A,K90G;F13N,3.40,2
1CEYA,1CEY,A,P109G;F13N,1.10,2
1CEYA,1CEY,A,T111A;F13N,1.40,2
1CEYA,1CEY,A,T111G;F13N,1.90,2
1CHKA,1CHK,A,W28F;W101F,-0.58,2
1CUNA,1AJ3,A,W13Y;S65L,-0.57,2
1DIVA,1DIV,A,F5V;K12M,-2.04,2
1DPMA,1DPM,A,H220R;H223L,-2.89,2
1E65A,5AZU,A,C3A;C26A,-6.80,2
1EL1A,1HFY,A,A30I;T33I,0.40,2
1EL1A,1LZ1,A,C77A;C95A,-5.80,2
1EL1A,1LZ1,A,P71G;P103G,-1.10,2
1EL1A,1LZ1,A,W64C;C65A,-2.20,2
1EL1A,4LYZ,A,D101G;G102P,0.90,2
1EL1A,4LYZ,A,G102A;G104A,2.00,2
1EL1A,4LYZ,A,G117P;T118G,-2.60,2
1EL1A,4LYZ,A,I55A;S91T,-2.77,2
1EL1A,4LYZ,A,I55L;S91T,1.25,2
1EL1A,4LYZ,A,I55V;S91A,-1.25,2
1EL1A,4LYZ,A,I55V;S91T,0.00,2
1EL1A,4LYZ,A,I55V;S91V,-1.25,2
1EL1A,4LYZ,A,M12F;L56F,1.49,2
1EL1A,4LYZ,A,M12L;L56F,1.12,2
1EL1A,4LYZ,A,P70G;G71P,-1.00,2
1EL1A,4LYZ,A,Q121G;A122P,-1.70,2
1EL1A,4LYZ,A,Q121P;A122G,-2.80,2
1EL1A,4LYZ,A,T40S;I55V,-1.33,2
1EL1A,4LYZ,A,T40S;S91A,-0.87,2
1EL1A,4LYZ,A,T40S;S91T,0.61,2
1EL1A,4LYZ,A,T40S;S91V,-0.53,2
1EL1A,4LYZ,A,T40S;I55V;S91A,-1.67,3
1EL1A,4LYZ,A,T40S;I55V;S91T,-0.30,3
1EY0A,1STN,A,A64T;A85S,-4.70,2
1EY0A,1STN,A,E68A;V69A,-5.20,2
1EY0A,1STN,A,E70V;A125G,-3.40,2
1EY0A,1STN,A,E70V;A64T,-4.35,2
1EY0A,1STN,A,E70V;A85S,-3.60,2
1EY0A,1STN,A,E70V;G74S,-4.67,2
1EY0A,1STN,A,E70V;I10V,-2.83,2
1EY0A,1STN,A,E70V;I67V,-3.12,2
1EY0A,1STN,A,E70V;I87V,-2.05,2
1EY0A,1STN,A,E70V;P112L,-1.61,2
1EY0A,1STN,A,E70V;T28S,-3.21,2
1EY0A,1STN,A,E70V;Y108A,-1.55,2
1EY0A,1STN,A,E70V;Y80A,-2.51,2
1EY0A,1STN,A,F56A;T57A,-4.60,2
1EY0A,1STN,A,F71V;H119L,0.00,2
1EY0A,1STN,A,F71W;W135H,-1.00,2
1EY0A,1STN,A,G74D;N113D,-2.58,2
1EY0A,1STN,A,G74S;A125G,-3.68,2
1EY0A,1STN,A,G74S;I10V,-3.10,2
1EY0A,1STN,A,G74S;I67V,-3.61,2
1EY0A,1STN,A,G74S;I87V,-2.55,2
1EY0A,1STN,A,G74S;N113D,-2.79,2
1EY0A,1STN,A,G74S;P112L,-2.08,2
1EY0A,1STN,A,G74S;Y108A,-2.22,2
1EY0A,1STN,A,G74S;Y80A,-2.69,2
1EY0A,1STN,A,I10V;I67V,-2.01,2
1EY0A,1STN,A,I10V;Y108A,-0.62,2
1EY0A,1STN,A,I10V;Y80V,-1.06,2
1EY0A,1STN,A,I13M;A64T,-0.37,2
1EY0A,1STN,A,I13M;A85S,-0.50,2
1EY0A,1STN,A,I13M;T28S,-2.00,2
1EY0A,1STN,A,I67L;I87L,-0.70,2
1EY0A,1STN,A,I67L;I87V,-0.70,2
1EY0A,1STN,A,I67L;V94I,-0.50,2
1EY0A,1STN,A,I67L;V94L,-0.80,2
1EY0A,1STN,A,I67V;I87L,-1.80,2
1EY0A,1STN,A,I67V;I87V,-1.70,2
1EY0A,1STN,A,I67V;V94I,-1.20,2
1EY0A,1STN,A,I67V;V94L,-1.70,2
1EY0A,1STN,A,I67V;Y108A,-0.94,2
1EY0A,1STN,A,I67V;Y80A,-1.60,2
1EY0A,1STN,A,I87L;V94I,-0.90,2
1EY0A,1STN,A,I87L;V94L,-1.30,2
1EY0A,1STN,A,I87V;V94I,-0.70,2
1EY0A,1STN,A,I87V;V94L,-0.90,2
1EY0A,1STN,A,L20A;M21A,-4.40,2
1EY0A,1STN,A,L20I;I67L,-1.70,2
1EY0A,1STN,A,L20I;I67V,-3.00,2
1EY0A,1STN,A,L20I;V61I,-3.00,2
1EY0A,1STN,A,L20I;V61L,-1.90,2
1EY0A,1STN,A,L20V;I67L,-1.60,2
1EY0A,1STN,A,L20V;I67V,-2.90,2
1EY0A,1STN,A,L20V;V61I,-2.90,2
1EY0A,1STN,A,L20V;V61L,-1.80,2
1EY0A,1STN,A,L2A;A125G,-2.46,2
1EY0A,1STN,A,L2A;E70V,-3.64,2
1EY0A,1STN,A,L2A;G74S,-2.77,2
1EY0A,1STN,A,L2A;I10V,-2.08,2
1EY0A,1STN,A,L2A;I67V,-2.41,2
1EY0A,1STN,A,L2A;I87V,-1.54,2
1EY0A,1STN,A,L2A;L32A,-1.65,2
1EY0A,1STN,A,L2A;V18F,-3.65,2
1EY0A,1STN,A,L2A;Y108A,-1.10,2
1EY0A,1STN,A,L2A;Y80A,-1.60,2
1EY0A,1STN,A,L32A;A125G,-2.53,2
1EY0A,1STN,A,L32A;A64T,-4.13,2
1EY0A,1STN,A,L32A;A85S,-3.32,2
1EY0A,1STN,A,L32A;E70V,-2.47,2
1EY0A,1STN,A,L32A;G74S,-1.83,2
1EY0A,1STN,A,L32A;I10V,-2.17,2
1EY0A,1STN,A,L32A;I67V,-2.78,2
1EY0A,1STN,A,L32A;I87V,-1.77,2
1EY0A,1STN,A,L32A;L33A,-1.80,2
1EY0A,1STN,A,L32A;N113D,-1.72,2
1EY0A,1STN,A,L32A;P112L,-1.69,2
1EY0A,1STN,A,L32A;T28S,-2.21,2
1EY0A,1STN,A,L32A;Y108A,-1.46,2
1EY0A,1STN,A,L32A;Y80A,-1.98,2
1EY0A,1STN,A,L33A;V34A,-4.00,2
1EY0A,1STN,A,M27A;T28A,-3.30,2
1EY0A,1STN,A,M60A;V61A,-4.50,2
1EY0A,1STN,A,P112L;N113D,-1.00,2
1EY0A,1STN,A,T28S;A85S,-3.16,2
1EY0A,1STN,A,T57A;G83V,-3.20,2
1EY0A,1STN,A,T57A;V61L,-2.40,2
1EY0A,1STN,A,T57G;G83V,-3.66,2
1EY0A,1STN,A,V18F;A125G,-3.50,2
1EY0A,1STN,A,V18F;A64T,-4.00,2
1EY0A,1STN,A,V18F;A85S,-3.31,2
1EY0A,1STN,A,V18F;E70V,-4.79,2
1EY0A,1STN,A,V18F;G74S,-4.75,2
1EY0A,1STN,A,V18F;I10V,-2.59,2
1EY0A,1STN,A,V18F;I67V,-2.90,2
1EY0A,1STN,A,V18F;I87V,-2.01,2
1EY0A,1STN,A,V18F;L32A,-3.17,2
1EY0A,1STN,A,V18F;T28S,-2.72,2
1EY0A,1STN,A,V18F;Y108A,-1.89,2
1EY0A,1STN,A,V18F;Y80A,-2.51,2
1EY0A,1STN,A,V18I;I67L,-0.50,2
1EY0A,1STN,A,V18I;I67V,-1.10,2
1EY0A,1STN,A,V18I;L20I,-1.70,2
1EY0A,1STN,A,V18I;L20V,-1.40,2
1EY0A,1STN,A,V18I;V61I,-1.50,2
1EY0A,1STN,A,V18I;V61L,-1.00,2
1EY0A,1STN,A,V18L;I67L,-0.40,2
1EY0A,1STN,A,V18L;I67V,-1.10,2
1EY0A,1STN,A,V18L;L20I,-1.50,2
1EY0A,1STN,A,V18L;L20V,-1.80,2
1EY0A,1STN,A,V18L;V61I,-1.50,2
1EY0A,1STN,A,V18L;V61L,-1.10,2
1EY0A,1STN,A,V61I;I67L,-1.70,2
1EY0A,1STN,A,V61I;I67V,-1.20,2
1EY0A,1STN,A,V61I;I87L,-1.90,2
1EY0A,1STN,A,V61I;I87V,-0.70,2
1EY0A,1STN,A,V61I;V94I,-0.70,2
1EY0A,1STN,A,V61I;V94L,-1.30,2
1EY0A,1STN,A,V61L;G74S,-3.45,2
1EY0A,1STN,A,V61L;G83V,-0.58,2
1EY0A,1STN,A,V61L;I67L,-0.90,2
1EY0A,1STN,A,V61L;I67V,-0.50,2
1EY0A,1STN,A,V61L;I87L,-1.00,2
1EY0A,1STN,A,V61L;I87V,0.10,2
1EY0A,1STN,A,V61L;V94I,-0.60,2
1EY0A,1STN,A,V61L;V94L,0.00,2
1EY0A,1STN,A,Y80A;Y108A,-0.23,2
1EY0A,1STN,A,I67L;I87L;V94I,-1.40,3
1EY0A,1STN,A,I67L;I87L;V94L,-1.40,3
1EY0A,1STN,A,I67L;I87V;V94I,-0.70,3
1EY0A,1STN,A,I67L;I87V;V94L,-1.10,3
1EY0A,1STN,A,I67V;I87L;V94I,-2.10,3
1EY0A,1STN,A,I67V;I87L;V94L,-2.40,3
1EY0A,1STN,A,I67V;I87V;V94I,-1.40,3
1EY0A,1STN,A,I67V;I87V;V94L,-2.00,3
1EY0A,1STN,A,L20I;V61I;I67L,-3.00,3
1EY0A,1STN,A,L20I;V61I;I67V,-3.20,3
1EY0A,1STN,A,L20I;V61L;I67L,-2.30,3
1EY0A,1STN,A,L20I;V61L;I67V,-2.20,3
1EY0A,1STN,A,L20V;V61I;I67L,-3.00,3
1EY0A,1STN,A,L20V;V61I;I67V,-3.10,3
1EY0A,1STN,A,L20V;V61L;I67L,-2.20,3
1EY0A,1STN,A,L20V;V61L;I67V,-2.00,3
1EY0A,1STN,A,V18I;L20I;I67L,-1.70,3
1EY0A,1STN,A,V18I;L20I;I67V,-2.80,3
1EY0A,1STN,A,V18I;L20I;V61I,-2.90,3
1EY0A,1STN,A,V18I;L20I;V61L,-2.50,3
1EY0A,1STN,A,V18I;L20V;I67L,-1.10,3
1EY0A,1STN,A,V18I;L20V;I67V,-2.30,3
1EY0A,1STN,A,V18I;L20V;V61I,-2.70,3
1EY0A,1STN,A,V18I;L20V;V61L,-2.10,3
1EY0A,1STN,A,V18I;V61I;I67L,-2.00,3
1EY0A,1STN,A,V18I;V61I;I67V,-1.60,3
1EY0A,1STN,A,V18I;V61L;I67L,-1.40,3
1EY0A,1STN,A,V18I;V61L;I67V,-0.90,3
1EY0A,1STN,A,V18L;L20I;I67L,-1.40,3
1EY0A,1STN,A,V18L;L20I;I67V,-2.50,3
1EY0A,1STN,A,V18L;L20I;V61I,-3.10,3
1EY0A,1STN,A,V18L;L20I;V61L,-2.40,3
1EY0A,1STN,A,V18L;L20V;I67L,-1.50,3
1EY0A,1STN,A,V18L;L20V;I67V,-2.80,3
1EY0A,1STN,A,V18L;L20V;V61I,-2.80,3
1EY0A,1STN,A,V18L;L20V;V61L,-2.00,3
1EY0A,1STN,A,V18L;V61I;I67L,-2.00,3
1EY0A,1STN,A,V18L;V61I;I67V,-1.60,3
1EY0A,1STN,A,V18L;V61L;I67L,-1.30,3
1EY0A,1STN,A,V18L;V61L;I67V,-1.30,3
1EY0A,1STN,A,V61I;I67L;I87L,-2.30,3
1EY0A,1STN,A,V61I;I67L;I87V,-1.40,3
1EY0A,1STN,A,V61I;I67L;V94I,-1.90,3
1EY0A,1STN,A,V61I;I67L;V94L,-1.90,3
1EY0A,1STN,A,V61I;I67V;I87L,-2.00,3
1EY0A,1STN,A,V61I;I67V;I87V,-1.40,3
1EY0A,1STN,A,V61I;I67V;V94I,-0.80,3
1EY0A,1STN,A,V61I;I67V;V94L,-1.60,3
1EY0A,1STN,A,V61I;I87L;V94I,-2.10,3
1EY0A,1STN,A,V61I;I87L;V94L,-2.10,3
1EY0A,1STN,A,V61I;I87V;V94I,-0.50,3
1EY0A,1STN,A,V61I;I87V;V94L,-0.90,3
1EY0A,1STN,A,V61L;G74S;G83V,-3.05,3
1EY0A,1STN,A,V61L;I67L;I87L,-1.50,3
1EY0A,1STN,A,V61L;I67L;I87V,-0.80,3
1EY0A,1STN,A,V61L;I67L;V94I,-1.00,3
1EY0A,1STN,A,V61L;I67L;V94L,-0.80,3
1EY0A,1STN,A,V61L;I67V;I87L,-1.30,3
1EY0A,1STN,A,V61L;I67V;I87V,-0.50,3
1EY0A,1STN,A,V61L;I67V;V94I,-0.80,3
1EY0A,1STN,A,V61L;I67V;V94L,-0.50,3
1EY0A,1STN,A,V61L;I87L;V94I,-1.40,3
1EY0A,1STN,A,V61L;I87L;V94L,-0.70,3
1EY0A,1STN,A,V61L;I87V;V94I,-0.40,3
1EY0A,1STN,A,V61L;I87V;V94L,0.10,3
1EY0A,1STN,A,V18I;L20I;V61I;I67L,-3.20,4
1EY0A,1STN,A,V18I;L20I;V61I;I67V,-3.20,4
1EY0A,1STN,A,V18I;L20I;V61L;I67L,-2.70,4
1EY0A,1STN,A,V18I;L20I;V61L;I67V,-2.60,4
1EY0A,1STN,A,V18I;L20V;I67V;I87V,-2.40,4
1EY0A,1STN,A,V18I;L20V;V61I;I67L,-2.80,4
1EY0A,1STN,A,V18I;L20V;V61I;I67V,-3.00,4
1EY0A,1STN,A,V18I;L20V;V61L;I67L,-2.50,4
1EY0A,1STN,A,V18I;L20V;V61L;I67V,-2.10,4
1EY0A,1STN,A,V18I;V61L;I67V;I87V,-0.60,4
1EY0A,1STN,A,V18L;L20I;V61I;I67L,-3.20,4
1EY0A,1STN,A,V18L;L20I;V61I;I67V,-3.40,4
1EY0A,1STN,A,V18L;L20I;V61L;I67L,-2.40,4
1EY0A,1STN,A,V18L;L20I;V61L;I67V,-2.60,4
1EY0A,1STN,A,V18L;L20V;V61I;I67L,-2.80,4
1EY0A,1STN,A,V18L;L20V;V61I;I67V,-3.40,4
1EY0A,1STN,A,V18L;L20V;V61L;I67L,-2.00,4
1EY0A,1STN,A,V18L;L20V;V61L;I67V,-2.50,4
1EY0A,1STN,A,V61I;I67L;I87L;V94I,-3.30,4
1EY0A,1STN,A,V61I;I67L;I87L;V94L,-3.00,4
1EY0A,1STN,A,V61I;I67L;I87V;V94I,-1.60,4
1EY0A,1STN,A,V61I;I67L;I87V;V94L,-1.80,4
1EY0A,1STN,A,V61I;I67V;I87L;V94I,-2.00,4
1EY0A,1STN,A,V61I;I67V;I87L;V94L,-2.40,4
1EY0A,1STN,A,V61I;I67V;I87V;V94I,-1.00,4
1EY0A,1STN,A,V61I;I67V;I87V;V94L,-1.70,4
1EY0A,1STN,A,V61L;I67L;I87L;V94I,-1.90,4
1EY0A,1STN,A,V61L;I67L;I87L;V94L,-1.30,4
1EY0A,1STN,A,V61L;I67L;I87V;V94I,-1.00,4
1EY0A,1STN,A,V61L;I67L;I87V;V94L,-0.70,4
1EY0A,1STN,A,V61L;I67V;I87L;V94I,-1.80,4
1EY0A,1STN,A,V61L;I67V;I87L;V94L,-1.40,4
1EY0A,1STN,A,V61L;I67V;I87V;V94I,-0.80,4
1EY0A,1STN,A,V61L;I67V;I87V;V94L,-0.70,4
1EY0A,1STN,A,V18I;L20I;V61L;I67V;I87V,-2.30,5
1EY0A,1STN,A,V18I;L20V;I67V;I87V;V94I,-2.70,5
1EY0A,1STN,A,V18I;L20V;I67V;I87V;V94L,-3.00,5
1EY0A,1STN,A,V18I;L20V;V61L;I67V;I87V,-1.90,5
1EY0A,1STN,A,V18L;L20V;V61L;I67V;I87V,-2.20,5
1FLVA,1FLV,A,H33A;F6L,-1.18,2
1FLVA,1FLV,A,H33A;Y46F,-1.08,2
1FLVA,1FTG,A,E19K;E71K,0.42,2
1FNFA,1FNF,A,R230I;D232I,-0.60,2
1FNFA,1FNF,A,A199C;L267P;V301C,0.54,3
1FNFA,1FNF,A,R280I;V285R;A286V,-0.24,3
1HK0X,1HK0,X,Q54A;Q142A,-0.35,2
1HK0X,1HK0,X,R79A;M146A,-0.75,2
1HMEA,1HME,A,N47H;D51H,0.62,2
1HMEA,1HME,A,N47H;D52H,0.29,2
1HMEA,1HME,A,G35H;N47H;D51H,0.29,3
1HMEA,1HME,A,G35H;N47H;D52H,-0.72,3
1HMEA,1HME,A,I34H;N47H;D51H,0.53,3
1HMEA,1HME,A,I34H;N47H;D52H,-1.10,3
1HMEA,1HME,A,S33H;N47H;D51H,-0.98,3
1HMSA,2IFB,A,G65A;V66F,-0.57,2
1HMSA,2IFB,A,G65A;V66R,-2.16,2
1HMSA,2IFB,A,G65A;V66W,-4.17,2
1HMSA,2IFB,A,G65D;V66F,-2.47,2
1HMSA,2IFB,A,G65D;V66H,-0.82,2
1HMSA,2IFB,A,L64G;G65A;V66F,-5.65,3
1HMSA,2IFB,A,L64K;G65V;V66D,-5.08,3
1HMSA,2IFB,A,L64R;G65A;V66C,-5.53,3
1HMSA,2IFB,A,L64S;G65A;V66N,-4.67,3
1HMSA,2IFB,A,L64T;G65A;V66G,-4.75,3
1HMSA,2IFB,A,L64T;G65V;V66P,-5.30,3
1HNGA,1CDC,A,A37G;L47V,0.72,2
1HNGA,1CDC,A,I15V;V75A,5.06,2
1HNGA,1CDC,A,L13V;L92V,2.01,2
1HNGA,1CDC,A,V75A;L86V,4.06,2
1HTIA,1HTI,A,Q179D;K193A;A215P,3.00,3
1IETA,1B5M,A,R13H;E18S,1.25,2
1IETA,1B5M,A,A16S;I30L;L45R,-0.30,3
1IETA,1CYO,A,S71L;L32I,0.50,2
1IMQA,1IMQ,A,V37L;E41V;V71I,0.79,3
1IRLA,1IRL,A,L18M;L19S,0.00,2
1K9QA,1K9Q,A,A16R;D30T,1.34,2
1K9QA,1K9Q,A,A16R;L26Y,1.86,2
1K9QA,1K9Q,A,A16R;L26Y;D30T,2.54,3
1LRPA,1LMB,4,G46A;G48A,-0.37,2
1LRPA,1LMB,4,M40V;V47L,-1.10,2
1LRPA,1LMB,4,V36F;M40L,-1.40,2
1LRPA,1LMB,4,A15G;G46A;G48A,-0.55,3
1LRPA,1LMB,4,A20G;G46A;G48A,0.87,3
1LRPA,1LMB,4,A37G;G46A;G48A,0.62,3
1LRPA,1LMB,4,A49G;G46A;G48A,1.25,3
1LRPA,1LMB,4,A63G;G46A;G48A,1.49,3
1LRPA,1LMB,4,A66G;G46A;G48A,0.07,3
1LRPA,1LMB,4,A81G;G46A;G48A,0.77,3
1LRPA,1LMB,4,G46A;G48A;P78A,0.20,3
1LRPA,1LMB,4,V36F;M40F;V47F,-3.05,3
1LRPA,1LMB,4,V36F;M40F;V47I,-2.20,3
1LRPA,1LMB,4,V36I;M40V;V47I,-0.80,3
1LRPA,1LMB,4,V36I;M40V;V47L,-0.90,3
1LRPA,1LMB,4,V36L;M40L;V47I,0.20,3
1LRPA,1LMB,4,V36L;M40V;V47I,-1.10,3
1LRPA,1LMB,4,Y88C;G46A;G48A,4.20,3
1LRPA,1LMB,4,V36F;M40F;V47I;L65F,-1.70,4
1LS4A,1LS4,A,T31A;T144A,-1.06,2
1LVEA,1LVE,A,M4L;Y31D,2.10,2
1LVEA,1LVE,A,Q44D;Y31D,1.50,2
1LVEA,1LVE,A,Q44N;Y31D,1.90,2
1LVEA,1LVE,A,Q95D;Y31D,2.60,2
1LVEA,1LVE,A,Q95N;Y31D,1.00,2
1LVEA,1LVE,A,Y31D;S35D,1.40,2
1LVEA,1LVE,A,M4L;Y31D;T100H,4.40,3
1LVEA,1LVE,A,Y31D;S35D;K36T,0.60,3
1LVEA,1LVE,A,Q95D;Y31D;M4L;T100H,-1.20,4
1LVEA,1LVE,A,Q95N;Y31D;M4L;T100H,3.30,4
1MGRA,1RGG,A,D25K;E74K,0.30,2
1MGRA,1RGG,A,R40E;R63E,-0.60,2
1MGRA,1RGG,A,D1K;D17K;E41K,-2.70,3
1MGRA,1RGG,A,R40E;R63E;R65A,-1.80,3
1MGRA,1RGG,A,D1K;D17K;E41K;D25K;E74K,-0.70,5
1MGRA,1RGG,A,R40E;R63E;R65A;R68A;R69A,-2.50,5
1MGRA,1RGG,A,D1K;D17K;E41K;D25K;E74K;D79K,0.70,6
1MGRA,1RGG,A,D1K;D17K;E41K;D25K;E74K;D79K;S31K,0.20,7
1MGRA,1RGG,A,D25K;E74K;S31P;S42G;S48P;T76P;Q77G,3.90,7
1MGRA,1RGG,A,D25K;E74K;S31P;S42G;S48P;T76P;Q77G;D79A,4.90,8
1MGRA,1RGG,A,D25K;E74K;S31P;S42G;S48P;T76P;Q77G;D79F,6.30,8
1MGRA,1RGG,A,D25K;E74K;S31P;S42G;S48P;T76P;Q77G;I92D,-5.10,8
1MGRA,1RGG,A,D25K;E74K;S31P;S42G;S48P;T76P;Q77G;D79F;I70D,-3.60,9
1MGRA,1RGG,A,D25K;E74K;S31P;S42G;S48P;T76P;Q77G;D79F;I92A,1.90,9
1MGRA,1RGG,A,D25K;E74K;S31P;S42G;S48P;T76P;Q77G;D79F;I92D,-2.20,9
1MGRA,1RGG,A,D25K;E74K;S31P;S42G;S48P;T76P;Q77G;D79F;Y80A,0.10,9
1MJCA,1C9O,A,E46A;L66E,-0.84,2
1MJCA,1C9O,A,E50W;L66C,-6.60,2
1MJCA,1C9O,A,E50W;Q2C,0.20,2
1MJCA,1C9O,A,E50W;S24C,-0.75,2
1MJCA,1C9O,A,F38W;L66C,-0.98,2
1MJCA,1C9O,A,F38W;N11C,-1.20,2
1MJCA,1C9O,A,G23Q;S24D,0.07,2
1MJCA,1C9O,A,R3E;E21A,-2.70,2
1MJCA,1C9O,A,R3E;E46A,-0.43,2
1MJCA,1C9O,A,R3E;L66E,-1.94,2
1MJCA,1C9O,A,R3E;E46A;L66E,-1.65,3
1MJCA,1CSP,A,A46K;S48R,2.65,2
1MJCA,1CSP,A,D25K;E19Q,-1.43,2
1MJCA,1CSP,A,D25Q;E19Q,-1.10,2
1MJCA,1CSP,A,E21Q;E19Q,-0.41,2
1MJCA,1CSP,A,E3K;E66K,1.91,2
1MJCA,1CSP,A,E3R;E66L,1.53,2
1MJCA,1CSP,A,E66L;A67P,2.15,2
1MJCA,1CSP,A,M1R;E3K,3.90,2
1MJCA,1CSP,A,M1R;E66K,2.63,2
1MJCA,1CSP,A,N55S;Q59R,-0.17,2
1MJCA,1CSP,A,V20E;E3R,-3.37,2
1MJCA,1CSP,A,V20K;E3R,-2.10,2
1MJCA,1CSP,A,V20Q;E3R,-1.63,2
1MJCA,1CSP,A,A46K;S48R;E66L,3.75,3
1MJCA,1CSP,A,E3K;K65I;E66K,2.94,3
1MJCA,1CSP,A,E3R;A46K;S48R,3.37,3
1MJCA,1CSP,A,E3R;F15A;F27A,0.00,3
1MJCA,1CSP,A,E3R;T64V;E66L,3.70,3
1MJCA,1CSP,A,E43G;A46K;S48R,2.82,3
1MJCA,1CSP,A,E43K;A46K;S48K,2.89,3
1MJCA,1CSP,A,E43S;A46K;S48K,2.61,3
1MJCA,1CSP,A,E43S;A46K;S48R,2.70,3
1MJCA,1CSP,A,M1R;E3K;E66K,1.55,3
1MJCA,1CSP,A,M1R;E3K;K65I,5.00,3
1MJCA,1CSP,A,M1R;K65I;E66K,3.56,3
1MJCA,1CSP,A,E3R;A46K;S48R;E66L,2.80,4
1MJCA,1CSP,A,E3R;F15A;D25K;F27A,-1.24,4
1MJCA,1CSP,A,E3R;F15A;E19K;F27A,-0.57,4
1MJCA,1CSP,A,M1R;E3K;K65I;E66K,3.37,4
1MJCA,1CSP,A,M1R;E3K;K65I;E66L,4.80,4
1MJCA,1MJC,A,F17L;F19L,-0.88,2
1MJCA,1MJC,A,F17L;F30L,-1.56,2
1MJCA,1MJC,A,F17S;F19S,-1.97,2
1MJCA,1MJC,A,F17S;F30S,-1.39,2
1MJCA,1MJC,A,F19L;F30L,-0.48,2
1MJCA,1MJC,A,F19S;F30S,-0.96,2
1MJCA,1MJC,A,F17L;F19L;F30L,-0.88,3
1MJCA,1MJC,A,F17S;F19S;F30S,-1.77,3
1MSIA,1MSI,A,D37A;R40A,-0.69,2
1MSIA,1MSI,A,R24A;E26A,-0.50,2
1MSIA,1MSI,A,R48A;D59N,-0.58,2
1OIAA,1OIA,A,N13E;Q37E;N65E;Q83K,0.98,4
1ONCA,1ONC,A,C86A;C103A,-7.65,2
1PGAA,1PGA,A,I6A;T53A,0.00,2
1PGAA,1PGA,A,I6A;T53E,0.26,2
1PGAA,1PGA,A,I6A;T53R,0.94,2
1PGAA,1PGA,A,I6E;T53A,0.16,2
1PGAA,1PGA,A,I6E;T53E,-0.64,2
1PGAA,1PGA,A,I6E;T53R,1.76,2
1PGAA,1PGA,A,I6F;T53F,2.97,2
1PGAA,1PGA,A,I6F;T53I,2.10,2
1PGAA,1PGA,A,I6F;T53V,2.10,2
1PGAA,1PGA,A,I6F;T53Y,2.80,2
1PGAA,1PGA,A,I6K;T53A,1.60,2
1PGAA,1PGA,A,I6K;T53E,2.23,2
1PGAA,1PGA,A,I6K;T53R,2.02,2
1PGAA,1PGA,A,I6L;T53I,2.80,2
1PGAA,1PGA,A,I6T;T53F,1.50,2
1PGAA,1PGA,A,I6T;T53I,1.28,2
1PGAA,1PGA,A,I6T;T53V,1.11,2
1PGAA,1PGA,A,I6T;T53Y,1.70,2
1PGAA,1PGA,A,I6V;T53F,3.50,2
1PGAA,1PGA,A,I6V;T53I,2.91,2
1PGAA,1PGA,A,I6V;T53V,2.50,2
1PGAA,1PGA,A,T51S;D46G,-3.40,2
1PGAA,1PGA,A,T53A;T44A,0.14,2
1PGAA,1PGA,A,T53A;T44R,0.08,2
1PGAA,1PGA,A,T53E;T44A,0.34,2
1PGAA,1PGA,A,T53E;T44R,0.79,2
1PGAA,1PGA,A,V21P;A23P,-0.10,2
1PGAA,1PGA,A,I6R;T53A;T44A,-0.62,3
1PGAA,1PGA,A,I6R;T53A;T44R,-0.74,3
1PGAA,1PGA,A,I6R;T53E;T44A,0.16,3
1PGAA,1PGA,A,T16I;T18F;V29F,2.61,3
1PGAA,1PGA,A,T16I;T18I;V29W,2.63,3
1PGAA,1PGA,A,T16L;T18V;V29F,2.49,3
1PGAA,1PGA,A,T16V;T18F;V29Y,2.15,3
1PGAA,1PGA,A,T16I;T18F;T25E;V29F,2.87,4
1PGAA,1PGA,A,T16I;T18I;T25E;V29F,3.01,4
1PGAA,1PGA,A,T16I;T18I;T25E;V29I,2.46,4
1PGAA,1PGA,A,T16I;T18I;T25E;V29K,2.46,4
1PGAA,1PGA,A,T16I;T18I;T25E;V29Y,3.44,4
1PGAA,1PGA,A,T16I;T18I;T25Q;V29F,3.20,4
1PGAA,1PGA,A,T16I;T18I;T25S;V29Y,2.96,4
1PGAA,1PGA,A,T16I;T18L;T25E;V29F,2.44,4
1PGAA,1PGA,A,T16I;T18L;T25E;V29K,1.82,4
1PGAA,1PGA,A,T16I;T18V;T25M;V29Y,2.68,4
1PGAA,1PGA,A,T16I;T18V;T25S;V29W,2.70,4
1PGAA,1PGA,A,T16I;T18Y;T25L;V29F,2.08,4
1PGAA,1PGA,A,T16I;T18Y;T25S;V29F,2.53,4
1PGAA,1PGA,A,T16I;T18Y;T25V;V29F,2.27,4
1PGAA,1PGA,A,T16L;T18I;T25E;V29Y,3.13,4
1PGAA,1PGA,A,T16L;T18I;T25S;V29W,2.87,4
1PGAA,1PGA,A,T16L;T18I;T25S;V29Y,2.37,4
1PGAA,1PGA,A,T16L;T18Y;T25E;V29Y,2.70,4
1PGAA,1PGA,A,T16L;T18Y;T25Q;V29Y,2.34,4
1PGAA,1PGA,A,T16L;T18Y;T25S;V29Y,2.06,4
1PGAA,1PGA,A,T16V;T18Y;T25E;V29Y,2.61,4
1PGAA,1PGA,A,T16V;T18Y;T25S;V29W,2.58,4
1QJPA,1QJP,A,F103A;W123A,-3.90,2
1QJPA,1QJP,A,F103A;Y121A,-5.30,2
1QJPA,1QJP,A,W7A;Y30A,-6.40,2
1QJPA,1QJP,A,Y121A;W123A,-5.70,2
1QJPA,1QJP,A,Y134A;F136A,-1.20,2
1QJPA,1QJP,A,Y42A;W44A,-4.20,2
1QJPA,1QJP,A,F103A;Y121A;W123A,-6.80,3
1RG8A,2AFG,A,C74S;C108S,-1.80,2
1RG8A,2AFG,A,C74T;C108V,1.46,2
1RG8A,2AFG,A,C7S;H84G,-1.00,2
1RG8A,2AFG,A,H12Y;F99Y,0.71,2
1RG8A,2AFG,A,H12Y;H93Y,0.73,2
1RG8A,2AFG,A,H12Y;L35F,0.99,2
1RG8A,2AFG,A,H93Y;F99Y,0.58,2
1RG8A,2AFG,A,L35F;F99Y,0.67,2
1RG8A,2AFG,A,L35F;H93Y,0.68,2
1RG8A,2AFG,A,L35W;F123W,-0.93,2
1RG8A,2AFG,A,L64V;V100L,-0.88,2
1RG8A,2AFG,A,H12Y;H93Y;F99Y,1.08,3
1RG8A,2AFG,A,H12Y;L35F;F99Y,1.21,3
1RG8A,2AFG,A,H12Y;L35F;H93Y,1.19,3
1RG8A,2AFG,A,L35F;H93Y;F99Y,0.95,3
1RG8A,2AFG,A,L35P;L64V;V100L,-0.14,3
1RG8A,2AFG,A,H12Y;L35F;H93Y;F99Y,1.46,4
1RG8A,2AFG,A,L35F;C74T;C108V;F123W,-0.10,4
1RHGA,1RHG,A,G122A;G123A,4.20,2
1RHGA,1RHG,A,G18A;G20A,2.74,2
1RHGA,1RHG,A,G18A;G122A;G123A,3.46,3
1RHGA,1RHG,A,G20A;G122A;G123A,6.16,3
1RN1C,1RN1,B,H39T;W58Y,-0.93,2
1RN1C,1RN1,B,Q24K;E57A,0.36,2
1RN1C,1RN1,B,W58Y;H91A,-1.53,2
1RN1C,1RN1,B,Y23W;W58Y,0.29,2
1RN1C,1RN1,B,Y41W;W58Y,-1.03,2
1RTBA,1RTB,A,A4C;V118C,1.12,2
1RTBA,1RTB,A,H105C;V124C,-0.12,2
1RTBA,1RTB,A,I107C;A122C,-2.27,2
1RTBA,1RTB,A,M30C;N44C,-5.04,2
1RTBA,1RTB,A,P93A;P114G,-4.20,2
1RTBA,1RTB,A,R10C;R33C,-1.39,2
1RTBA,1RTB,A,V43C;R85C,1.00,2
1RTP1,1RRO,A,P21A;P26A,-1.77,2
1RTP1,1RTP,1,A21P;H26P,-0.50,2
1RTP1,1RTP,1,A21P;K80S,0.45,2
1RX4A,1RX4,A,L28R;E139Q,0.46,2
1RX4A,1RX4,A,R44L;P66A,0.90,2
1SAKA,1SAK,A,F23L;L26F,-8.40,2
1SAKA,1SAK,A,F23L;L26I,-1.30,2
1SAKA,1SAK,A,I14V;F23L,-2.20,2
1SAKA,1SAK,A,I14V;F23L;L26I,-0.10,3
1SAKA,1SAK,A,I14V;M22I;F23L,-3.10,3
1SAKA,1SAK,A,F10L;I14V;F23L;L26I,-5.70,4
1SCEA,1SCE,A,P85A;P87A,0.93,2
1SCEA,1SCE,A,P85G;P87G,0.88,2
1SHFA,1SHF,A,E24A;S41A,-1.48,2
1SHFA,1SHF,A,E24A;S41D,-0.90,2
1SHFA,1SHF,A,E24A;S41K,-1.17,2
1SHFA,1SHF,A,E24A;S41L,-0.43,2
1SHFA,1SHF,A,E24A;S41R,-1.65,2
1SHFA,1SHF,A,E24L;S41A,-2.71,2
1SHFA,1SHF,A,E24R;S41D,-1.34,2
1SHFA,1SHF,A,G45A;S41K,-1.89,2
1SHFA,1SHF,A,T44A;S41K,-2.70,2
1SHGA,1SHG,A,K13Y;K54F,-3.60,2
1SHGA,1SHG,A,Y52F;K54Y,0.97,2
1SHGA,1SHG,A,Y8F;Y52F,-3.30,2
1SHGA,1SHG,A,A6V;M20I;V53L,2.20,3
1SHGA,1SHG,A,K13Y;F47Y;K54Y,2.11,3
1SHGA,1SHG,A,K13Y;K54F;Y52F,1.21,3
1SHGA,1SHG,A,Y8F;K13F;K54F,2.44,3
1SHGA,1SHG,A,Y8F;K13Y;K54F,-0.06,3
1SHGA,1SHG,A,A6V;M20I;V39I;V53L,0.50,4
1SHGA,1SHG,A,A6V;M20V;V39I;V53L,1.50,4
1SHGA,1SHG,A,A6V;V18L;M20I;V53L,2.00,4
1SHGA,1SHG,A,K13Y;K22Y;F47Y;K54Y,4.75,4
1SHGA,1SHG,A,Y8F;K13F;K54F;Y52F,2.48,4
1SHGA,1SHG,A,Y8F;K13Y;K54F;Y52F,0.07,4
1SHGA,1SHG,A,A6V;V18L;M20I;V39I;V53L,0.20,5
1SHGA,1SHG,A,A6V;V18L;M20I;V48I;V53L,-0.10,5
1SHGA,1SHG,A,A6V;V18L;M20V;V39I;V53L,1.00,5
1SHGA,1SHG,A,A6V;V18L;M20V;V48I;V53L,1.70,5
1SHGA,1SHG,A,V4I;V18L;M20V;V39I;V53N,-4.10,5
1SHGA,1SHG,A,A6V;V18L;M20L;V39A;V48F;V53L,-3.30,6
1SHGA,1SHG,A,V4I;A6V;V18L;M20I;V48F;V53L,-2.60,6
1SHGA,1SHG,A,V4L;A6V;V18L;M20L;V48L;V53L,-2.80,6
1SHGA,1SHG,A,V4I;A6I;V18I;M20I;V39I;V48I;V53I,-1.50,7
1SHGA,1SHG,A,V4I;A6V;V18L;M20I;V39I;V48I;V53I,-2.00,7
1SHGA,1SHG,A,V4L;A6V;V18L;M20I;L28I;V48I;V53I,-2.50,7
1SHGA,1SHG,A,V4L;A6V;V18L;M20I;L28I;V39I;V48I;V53I,-2.40,8
1SHGA,1SHG,A,V4L;A6V;V18L;M20I;L26I;L28I;V39L;V48F;V53L,-3.10,9
1TITA,1TIT,A,C47S;C63S,3.20,2
1UWOA,1IGV,A,D19N;E26Q,0.52,2
1UWOA,1IGV,A,E17Q;D19N,1.19,2
1UWOA,1IGV,A,E17Q;E26Q,0.26,2
1UWOA,1IGV,A,E17Q;D19N;E26Q,0.93,3
1UWOA,1UWO,A,L3A;F14A,-7.05,2
1UWOA,1UWO,A,L3A;I11A,-2.17,2
1VQBA,1VQB,A,C33M;I47C,-5.73,2
1VQBA,1VQB,A,C33V;V35C,-1.57,2
1VQBA,1VQB,A,E30F;A86T,1.17,2
1VQBA,1VQB,A,E30F;A86V,2.05,2
1VQBA,1VQB,A,F13T;E30F,1.59,2
1VQBA,1VQB,A,H64C;F68L,-4.07,2
1VQBA,1VQB,A,I6V;E30F,0.71,2
1VQBA,1VQB,A,I6V;M77I,0.34,2
1VQBA,1VQB,A,I6V;M77V,-0.04,2
1VQBA,1VQB,A,L28V;F68L,-3.86,2
1VQBA,1VQB,A,L32Y;R82C,0.15,2
1VQBA,1VQB,A,L65P;F68L,-4.25,2
1VQBA,1VQB,A,V35A;I47A,-10.80,2
1VQBA,1VQB,A,V35A;I47F,-2.88,2
1VQBA,1VQB,A,V35A;I47L,-2.04,2
1VQBA,1VQB,A,V35A;I47M,-3.96,2
1VQBA,1VQB,A,V35A;I47V,-3.61,2
1VQBA,1VQB,A,V35C;I47C,-5.95,2
1VQBA,1VQB,A,V35F;I47L,-3.91,2
1VQBA,1VQB,A,V35I;I47F,-1.29,2
1VQBA,1VQB,A,V35I;I47L,-0.64,2
1VQBA,1VQB,A,V35I;I47M,-2.23,2
1VQBA,1VQB,A,V35I;I47V,-2.61,2
1VQBA,1VQB,A,V35L;I47F,-3.30,2
1VQBA,1VQB,A,V35L;I47L,-2.89,2
1VQBA,1VQB,A,V35L;I47M,-4.00,2
1VQBA,1VQB,A,V35L;I47V,-4.55,2
1VQBA,1VQB,A,V35M;I47F,-1.27,2
1VQBA,1VQB,A,V35M;I47L,-1.25,2
1VQBA,1VQB,A,V35M;I47M,-3.41,2
1VQBA,1VQB,A,V45C;R82C,-1.05,2
1VQBA,1VQB,A,Y41F;F73W,-0.66,2
1WQ5A,1WQ5,A,F131W;F248W,-0.80,2
1WQ5A,1WQ5,A,Y167C;G201E,-1.15,2
1WQ5A,2WSY,A,A18G;I203V,-2.85,2
1WQ5A,2WSY,A,A18V;I203V,-1.00,2
1WQ5A,2WSY,A,Y166Q;L181V,0.05,2
1ZG4A,4BLM,A,S93C;S230C,-0.90,2
2A01A,1AV1,A,D60A;D61A,-1.05,2
2A01A,1AV1,A,E68A;E69A,-0.75,2
2A01A,1AV1,A,R118V;H120A,-0.50,2
2A01A,1AV1,A,R74V;K76A,-0.25,2
2A01A,1AV1,A,E83K;E86K;K91E;E97K,0.45,4
2ABDA,2ABD,A,K52M;K54M,1.01,2
2AC0A,2AC0,A,C31W;M40L,-1.30,2
2AC0A,2AC0,A,L52I;V64I,-1.20,2
2AC0A,2AC0,A,L52V;V64L,0.80,2
2AC0A,2AC0,A,C31W;M40L;C42I;C48F,-2.00,4
2AC0A,2AC0,A,M40L;C48V;Y143F;T160L,-1.20,4
2AC0A,2AC0,A,H22E;W53R;Q72K;Q74E;L113H;F119K;N175R,0.30,7
2CI2I,2CI2,I,E15A;E16A,-0.37,2
2CI2I,2CI2,I,I30A;I58V,-4.08,2
2CI2I,2CI2,I,K25A;E27A,0.95,2
2CI2I,2CI2,I,K3A;E8A,-1.17,2
2CI2I,2CI2,I,L33A;F51A,-5.16,2
2CI2I,2CI2,I,L33A;F51L,-3.25,2
2CI2I,2CI2,I,L33A;V39A,-2.95,2
2CI2I,2CI2,I,L33V;F51A,-3.26,2
2CI2I,2CI2,I,L33V;F51L,-1.08,2
2CI2I,2CI2,I,L33V;V39A,-1.93,2
2CI2I,2CI2,I,P7A;A17G,-1.30,2
2CI2I,2CI2,I,Q29M;M41L,-0.18,2
2CI2I,2CI2,I,R44A;D46A,-2.46,2
2CI2I,2CI2,I,T40A;E42A,-0.67,2
2CI2I,2CI2,I,T40D;E42A,-0.24,2
2CI2I,2CI2,I,V39A;F51L,-2.20,2
2CI2I,2CI2,I,V39A;V61A,-3.78,2
2CI2I,2CI2,I,L33A;V39A;F51L,-3.34,3
2CI2I,2CI2,I,L33V;V39A;F51L,-2.84,3
2CI2I,2CI2,I,S13A;E15A;E16A,-1.21,3
2CI2I,2CI2,I,S13G;E15A;E16A,-0.81,3
2HPRA,2HPR,A,A1K;N70E,1.10,2
2HPRA,2HPR,A,A1R;N70E,1.55,2
2LZMA,1L63,A,I27M;L33M,-3.10,2
2LZMA,1L63,A,M102A;M106A,-3.70,2
2LZMA,2LZM,A,A129M;F153A,-4.30,2
2LZMA,2LZM,A,A41V;V131A,0.60,2
2LZMA,2LZM,A,A98V;T152S,-5.50,2
2LZMA,2LZM,A,C54T;C97A,-1.27,2
2LZMA,2LZM,A,C54V;C97S,-2.10,2
2LZMA,2LZM,A,D127A;E128A,0.24,2
2LZMA,2LZM,A,D89A;R96H,-3.80,2
2LZMA,2LZM,A,E128A;V131A,0.44,2
2LZMA,2LZM,A,E45A;K48A,0.01,2
2LZMA,2LZM,A,H31N;D70N,-4.00,2
2LZMA,2LZM,A,K135E;K147E,-1.50,2
2LZMA,2LZM,A,K16E;K135E,-0.70,2
2LZMA,2LZM,A,K16E;R119E,0.40,2
2LZMA,2LZM,A,K16E;R154E,-0.80,2
2LZMA,2LZM,A,K60H;L13D,-2.80,2
2LZMA,2LZM,A,K83H;A112D,-1.50,2
2LZMA,2LZM,A,K85A;R96H,-3.60,2
2LZMA,2LZM,A,L121A;A129L,-1.10,2
2LZMA,2LZM,A,L121A;A129M,-1.00,2
2LZMA,2LZM,A,L99A;E108V,-3.10,2
2LZMA,2LZM,A,L99A;F153A,-6.90,2
2LZMA,2LZM,A,L99F;F153L,0.03,2
2LZMA,2LZM,A,L99F;M102L,-0.75,2
2LZMA,2LZM,A,L99F;V111I,-0.93,2
2LZMA,2LZM,A,L99G;E108V,-5.60,2
2LZMA,2LZM,A,M102L;V111F,-2.11,2
2LZMA,2LZM,A,M120A;Q122A,-0.25,2
2LZMA,2LZM,A,M6I;R96H,-5.08,2
2LZMA,2LZM,A,N116A;M120A,0.21,2
2LZMA,2LZM,A,N116D;R119M,0.60,2
2LZMA,2LZM,A,N144E;K147M,0.40,2
2LZMA,2LZM,A,R119A;Q123A,-0.17,2
2LZMA,2LZM,A,R119E;K135E,-1.10,2
2LZMA,2LZM,A,R80K;R119H,-0.47,2
2LZMA,2LZM,A,S117A;N132I,2.00,2
2LZMA,2LZM,A,S117A;N132M,1.80,2
2LZMA,2LZM,A,S117A;R119A,1.16,2
2LZMA,2LZM,A,S117I;N132I,1.40,2
2LZMA,2LZM,A,S117I;N132M,2.00,2
2LZMA,2LZM,A,S38D;N144D,1.03,2
2LZMA,2LZM,A,S90H;Q122D,-2.20,2
2LZMA,2LZM,A,T115A;R119A,-0.17,2
2LZMA,2LZM,A,T115A;S117A,0.95,2
2LZMA,2LZM,A,T155A;T157I,-4.31,2
2LZMA,2LZM,A,V111I;F153L,-1.09,2
2LZMA,2LZM,A,V131A;A41V,0.66,2
2LZMA,2LZM,A,V131A;N132A,0.57,2
2LZMA,2LZM,A,A98V;V149C;T152S,-4.40,3
2LZMA,2LZM,A,A98V;V149I;T152S,-4.40,3
2LZMA,2LZM,A,E128A;V131A;N132A,0.90,3
2LZMA,2LZM,A,G28A;I29A;G30A,-5.50,3
2LZMA,2LZM,A,K16E;K135E;K147E,-1.70,3
2LZMA,2LZM,A,L121A;A129M;F153L,-1.10,3
2LZMA,2LZM,A,L121A;A129M;V149I,-1.40,3
2LZMA,2LZM,A,L121I;A129W;L133M,-1.40,3
2LZMA,2LZM,A,L121M;L133V;F153L,-2.50,3
2LZMA,2LZM,A,L99F;M102L;F153L,-0.22,3
2LZMA,2LZM,A,L99F;M102L;V111I,-1.20,3
2LZMA,2LZM,A,L99F;V111I;F153L,-0.43,3
2LZMA,2LZM,A,N53A;N55A;V57A,-1.50,3
2LZMA,2LZM,A,R119E;K135E;K147E,-1.60,3
2LZMA,2LZM,A,S38D;A82P;N144D,1.59,3
2LZMA,2LZM,A,D127A;E128A;V131A;N132A,0.85,4
2LZMA,2LZM,A,E128A;V131A;N132A;L133A,-2.50,4
2LZMA,2LZM,A,K16E;R119E;K135E;K147E,-1.00,4
2LZMA,2LZM,A,L121A;A129L;L133A;F153L,-3.50,4
2LZMA,2LZM,A,L121A;A129V;L133M;F153L,-2.30,4
2LZMA,2LZM,A,L121I;A129L;L133M;F153W,-1.30,4
2LZMA,2LZM,A,L32A;L33A;T34A;E108V,-3.00,4
2LZMA,2LZM,A,L99F;M102L;V111I;F153L,-0.65,4
2LZMA,2LZM,A,S38D;A82P;N144D;I3L,2.32,4
2LZMA,2LZM,A,T34A;K35A;S36A;P37A,-0.70,4
2LZMA,2LZM,A,Y24A;Y25A;T26A;I27A,-5.50,4
2LZMA,2LZM,A,D127A;E128A;V131A;N132A;L133A,-2.50,5
2LZMA,2LZM,A,L121M;A129L;L133M;V149I;F153W,-1.30,5
2LZMA,2LZM,A,S38D;A82P;N144D;I3L;V131A,2.57,5
2LZMA,2LZM,A,D127A;E128A;V131A;N132A;K135A;S136A,-0.50,6
2LZMA,2LZM,A,E128A;V131A;N132A;K135A;S136A;R137A,-0.50,6
2LZMA,2LZM,A,N53A;N55A;V57A;E128A;V131A;N132A,-0.80,6
2LZMA,2LZM,A,R14A;K16A;I17A;K19A;T21A;E22A,-3.00,6
2LZMA,2LZM,A,S38D;A82P;N144D;I3L;V131A;A41V,2.87,6
2LZMA,2LZM,A,S38D;A82P;N144D;I3L;V131A;A41V;N116D,3.57,7
2LZMA,2LZM,A,T34A;K35A;S36A;P37A;E128A;V131A;N132A,-0.20,7
2LZMA,2LZM,A,E128A;V131A;N132A;K135A;S136A;R137A;Y139A;N140A;Q141A,-0.50,9
2LZMA,2LZM,A,N40A;S44A;E45A;D47A;K48A;D127A;E128A;V131A;N132A,1.75,9
2LZMA,2LZM,A,D127A;E128A;V131A;N132A;K135A;S136A;R137A;Y139A;N140A;Q141A,-0.50,10
2Q98A,2Q98,A,H165A;H172A,0.65,2
2Q98A,2Q98,A,H19A;H172A,2.31,2
2Q98A,2Q98,A,H19A;H22A,2.44,2
2Q98A,2Q98,A,H22A;H165A,2.62,2
2Q98A,2Q98,A,H22A;H172A,2.03,2
2Q98A,2Q98,A,H19A;H22A;H172A,3.26,3
2Q98A,2Q98,A,H22A;H165A;H172A,2.42,3
2Q98A,3HHR,A,S71A;E74A,-2.22,2
2Q98A,3HHR,A,S71Q;E74S,-2.26,2
2Q98A,3HHR,A,S71V;E74L,-5.91,2
2RN2A,2RN2,A,A52F;V74A,-1.40,2
2RN2A,2RN2,A,A52F;V74L,0.03,2
2RN2A,2RN2,A,A52G;V74L,-1.40,2
2RN2A,2RN2,A,A52I;V74A,1.19,2
2RN2A,2RN2,A,A52I;V74L,1.19,2
2RN2A,2RN2,A,A52L;V74A,0.36,2
2RN2A,2RN2,A,A52L;V74L,1.49,2
2RN2A,2RN2,A,A52V;V74A,-0.52,2
2RN2A,2RN2,A,A52V;V74L,2.43,2
2RN2A,2RN2,A,D94R;K95G,1.50,2
2RN2A,2RN2,A,E119V;K60R,0.63,2
2RN2A,2RN2,A,E119V;R41C,1.20,2
2RN2A,2RN2,A,K91R;D94E,-0.50,2
2RN2A,2RN2,A,K91R;K95G,1.60,2
2RN2A,2RN2,A,Q80L;K117R,-0.03,2
2RN2A,2RN2,A,H62P;T40A;K122R,0.85,3
2RN2A,2RN2,A,K91R;D94E;K95G,0.74,3
2RN2A,2RN2,A,Y28F;R29H;G30A;R31H,-0.90,4
2TRXA,2TRX,A,L78C;K90C,-1.40,2
2TRXA,2TRX,A,L79C;T89C,1.15,2
2TRXA,2TRX,A,T77C;V91C,1.15,2
2TS1A,2TS1,A,I52L;L105V,-1.00,2
2ZTAA,2ZTA,A,E11Q;K15A,-0.14,2
2ZTAA,2ZTA,A,E20Q;E22Q,-1.72,2
2ZTAA,2ZTA,A,E22Q;K27A,-2.80,2
2ZTAA,2ZTA,A,H18R;N21E,0.22,2
2ZTAA,2ZTA,A,K15A;E20Q,0.82,2
2ZTAA,2ZTA,A,K8A;E11Q,-0.57,2
2ZTAA,2ZTA,A,E11Q;E20Q;E22Q,-2.37,3
2ZTAA,2ZTA,A,S14A;H18A;N21A,1.07,3
2ZTAA,2ZTA,A,S14A;H18A;N21R,1.23,3
2ZTAA,2ZTA,A,S14A;H18E;N21A,0.76,3
2ZTAA,2ZTA,A,S14A;H18E;N21R,1.15,3
2ZTAA,2ZTA,A,S14R;H18A;N21A,1.07,3
2ZTAA,2ZTA,A,S14R;H18A;N21R,1.15,3
2ZTAA,2ZTA,A,S14R;H18E;N21A,1.64,3
2ZTAA,2ZTA,A,S14R;H18E;N21R,1.72,3
3MBPA,3MBP,A,G32D;I33P,-4.00,2
3PGKA,1PHP,A,I217A;L221A,-3.60,2
3PGKA,3PGK,A,W308F;W333F,-7.53,2
3PGKA,3PGK,A,Y48W;W308Y,-0.69,2
3PGKA,3PGK,A,Y48W;W333Y,0.65,2
451CA,451C,A,F34Y;E43Y,-1.21,2
451CA,451C,A,F34Y;Q37R,1.50,2
451CA,451C,A,F7A;V13M,-1.00,2
451CA,451C,A,Q37R;E43Y,0.50,2
451CA,451C,A,F34Y;E43Y;V78I,2.95,3
451CA,451C,A,F34Y;Q37R;E43Y,2.00,3
451CA,451C,A,F7A;V13M;V78I,2.29,3
451CA,451C,A,F7A;V13M;F34Y;E43Y,3.76,4
451CA,451C,A,F7A;V13M;F34Y;E43Y;V78I,5.32,5
