CLID,PDB,CHAIN,MUT,DDG,pH,T
1BPIA,1BPI,A,R1A,-0.50,7.00,39.00
1BPIA,1BPI,A,P2A,-1.30,7.00,39.00
1BPIA,1BPI,A,D3A,0.20,7.00,39.00
1BPIA,1BPI,A,F4A,-3.00,7.00,39.00
1BPIA,1BPI,A,L6A,-0.60,7.00,39.00
1BPIA,1BPI,A,E7A,-1.50,7.00,39.00
1BPIA,1BPI,A,P8A,-0.30,7.00,39.00
1BPIA,1BPI,A,P9A,-0.80,7.00,39.00
1BPIA,1BPI,A,Y10A,-1.20,7.00,39.00
1BPIA,1BPI,A,T11A,0.00,7.00,39.00
1BPIA,1BPI,A,G12A,-1.80,7.00,39.00
1BPIA,1BPI,A,P13A,-1.20,7.00,39.00
1BPIA,1BPI,A,K15A,-0.40,7.00,39.00
1BPIA,1BPI,A,R17A,-0.30,7.00,39.00
1BPIA,1BPI,A,I18A,-1.50,7.00,39.00
1BPIA,1BPI,A,I19A,-2.10,7.00,39.00
1BPIA,1BPI,A,R20A,-1.80,7.00,39.00
1BPIA,1BPI,A,F22A,-2.00,7.00,39.00
1BPIA,1BPI,A,N24A,-2.20,7.00,39.00
1BPIA,1BPI,A,K26A,0.00,7.00,39.00
1BPIA,1BPI,A,G28A,-1.00,7.00,39.00
1BPIA,1BPI,A,L29A,0.00,7.00,39.00
1BPIA,1BPI,A,Q31A,-1.00,7.00,39.00
1BPIA,1BPI,A,T32A,-0.10,7.00,39.00
1BPIA,1BPI,A,V34A,-1.20,7.00,39.00
1BPIA,1BPI,A,Y35A,-1.10,7.00,39.00
1BPIA,1BPI,A,G36A,-2.10,7.00,39.00
1BPIA,1BPI,A,G36S,-0.70,4.60,72.60
1BPIA,1BPI,A,G37A,-2.30,7.00,39.00
1BPIA,1BPI,A,R39A,0.00,7.00,39.00
1BPIA,1BPI,A,K41A,-0.40,7.00,39.00
1BPIA,1BPI,A,R42A,-0.50,7.00,39.00
1BPIA,1BPI,A,N44A,-3.30,7.00,39.00
1BPIA,1BPI,A,K46A,0.10,7.00,39.00
1BPIA,1BPI,A,S47A,-1.60,7.00,39.00
1BPIA,1BPI,A,E49A,-0.20,7.00,39.00
1BPIA,1BPI,A,D50A,-0.40,7.00,39.00
1BPIA,1BPI,A,M52A,-1.70,7.00,39.00
1BPIA,1BPI,A,R53A,-0.10,7.00,39.00
1BPIA,1BPI,A,T54A,-0.10,7.00,39.00
1BPIA,1BPI,A,G56A,-0.20,7.00,39.00
1BPIA,1BPI,A,G57A,-0.20,7.00,39.00
1IOBA,1IOB,A,T9A,-0.80,6.50,25.00
1IOBA,1IOB,A,T9G,-2.60,6.50,25.00
1IOBA,1IOB,A,T9L,-0.70,6.50,25.00
1IOBA,1IOB,A,T9Q,-1.90,6.50,25.00
1IOBA,1IOB,A,K97G,-1.20,6.50,25.00
1IOBA,1IOB,A,K97R,-0.50,6.50,25.00
1IOBA,1IOB,A,K97V,0.80,6.50,25.00
1RN1C,1RN1,C,N9A,-0.71,7.00,25.00
1RN1C,1RN1,C,Y11F,-2.03,7.00,25.00
1RN1C,1RN1,C,S12A,-1.08,7.00,25.00
1RN1C,1RN1,C,V16A,-2.19,7.00,25.00
1RN1C,1RN1,C,V16C,-4.68,7.00,25.00
1RN1C,1RN1,C,V16S,-4.71,7.00,25.00
1RN1C,1RN1,C,V16T,-4.10,7.00,25.00
1RN1C,1RN1,C,S17A,0.57,7.00,25.00
1RN1C,1RN1,C,A21D,-0.71,7.00,0.00
1RN1C,1RN1,C,A21E,-0.69,7.00,0.00
1RN1C,1RN1,C,A21H,-0.17,7.00,0.00
1RN1C,1RN1,C,A21Q,-0.40,7.00,0.00
1RN1C,1RN1,C,A21S,-0.40,7.00,0.00
1RN1C,1RN1,C,Y24W,1.24,6.00,25.00
1RN1C,1RN1,C,Q25K,0.94,7.00,25.00
1RN1C,1RN1,C,N36A,0.00,7.00,25.00
1RN1C,1RN1,C,H40T,-0.26,6.00,25.00
1RN1C,1RN1,C,Y42F,1.15,7.00,25.00
1RN1C,1RN1,C,Y42W,-0.14,6.00,25.00
1RN1C,1RN1,C,N44A,-1.60,7.00,50.80
1RN1C,1RN1,C,N44D,-1.60,7.00,50.80
1RN1C,1RN1,C,N44S,-1.50,7.00,50.80
1RN1C,1RN1,C,Y45W,0.74,6.00,25.00
1RN1C,1RN1,C,D49H,1.10,7.00,25.00
1RN1C,1RN1,C,Y56F,-0.71,7.00,25.00
1RN1C,1RN1,C,Y57F,-0.44,7.00,25.00
1RN1C,1RN1,C,E58A,-0.78,7.00,25.00
1RN1C,1RN1,C,W59Y,-0.93,6.00,25.00
1RN1C,1RN1,C,S64A,-1.56,7.00,25.00
1RN1C,1RN1,C,Y68F,-1.35,7.00,25.00
1RN1C,1RN1,C,D76A,-3.75,7.00,15.00
1RN1C,1RN1,C,D76N,-3.10,7.00,15.00
1RN1C,1RN1,C,D76S,-3.20,7.00,15.00
1RN1C,1RN1,C,V78A,-4.08,7.00,25.00
1RN1C,1RN1,C,V78C,-3.67,7.00,25.00
1RN1C,1RN1,C,V78S,-4.73,7.00,25.00
1RN1C,1RN1,C,V78T,-3.10,7.00,25.00
1RN1C,1RN1,C,N81A,-2.91,7.00,25.00
1RN1C,1RN1,C,V89C,-3.54,7.00,25.00
1RN1C,1RN1,C,V89S,-4.87,7.00,25.00
1RN1C,1RN1,C,V89T,-3.07,7.00,25.00
1RN1C,1RN1,C,H92A,-0.62,6.00,25.00
1VQBA,1VQB,A,I6V,-0.68,7.00,25.00
1VQBA,1VQB,A,F13T,-0.67,7.00,25.00
1VQBA,1VQB,A,V19C,-0.30,7.00,25.00
1VQBA,1VQB,A,V19T,-0.60,7.00,25.00
1VQBA,1VQB,A,K24V,0.80,7.00,25.00
1VQBA,1VQB,A,Y26R,-0.40,7.00,25.00
1VQBA,1VQB,A,L28V,1.10,7.00,25.00
1VQBA,1VQB,A,E30F,2.00,7.00,25.00
1VQBA,1VQB,A,E30M,0.60,7.00,25.00
1VQBA,1VQB,A,E30N,-1.10,7.00,25.00
1VQBA,1VQB,A,L32H,-0.90,7.00,25.00
1VQBA,1VQB,A,L32R,-1.60,7.00,25.00
1VQBA,1VQB,A,L32W,2.80,7.00,25.00
1VQBA,1VQB,A,L32Y,1.04,7.00,25.00
1VQBA,1VQB,A,C33A,-0.50,7.00,25.00
1VQBA,1VQB,A,C33I,-0.90,7.00,25.00
1VQBA,1VQB,A,C33L,-2.60,7.00,25.00
1VQBA,1VQB,A,C33M,-3.49,7.00,25.00
1VQBA,1VQB,A,C33S,-4.30,7.00,25.00
1VQBA,1VQB,A,C33T,-4.60,7.00,25.00
1VQBA,1VQB,A,C33V,-0.18,7.00,25.00
1VQBA,1VQB,A,V35A,-2.30,7.00,25.00
1VQBA,1VQB,A,V35C,-1.50,7.00,25.00
1VQBA,1VQB,A,V35F,-3.20,7.00,25.00
1VQBA,1VQB,A,V35I,-0.70,7.00,25.00
1VQBA,1VQB,A,V35L,-2.70,7.00,25.00
1VQBA,1VQB,A,V35M,-1.10,7.00,25.00
1VQBA,1VQB,A,V35T,-5.30,7.00,25.00
1VQBA,1VQB,A,D36C,-2.10,7.00,25.00
1VQBA,1VQB,A,D36N,-1.00,7.00,25.00
1VQBA,1VQB,A,L37A,-7.70,7.00,25.00
1VQBA,1VQB,A,L37C,-4.60,7.00,25.00
1VQBA,1VQB,A,L37I,-1.40,7.00,25.00
1VQBA,1VQB,A,L37T,-5.20,7.00,25.00
1VQBA,1VQB,A,L37V,-3.50,7.00,25.00
1VQBA,1VQB,A,E40C,-1.60,7.00,25.00
1VQBA,1VQB,A,E40T,-0.40,7.00,25.00
1VQBA,1VQB,A,Y41A,-0.40,7.00,25.00
1VQBA,1VQB,A,Y41F,-0.60,7.00,25.00
1VQBA,1VQB,A,V43C,-2.10,7.00,25.00
1VQBA,1VQB,A,V43T,-1.60,7.00,25.00
1VQBA,1VQB,A,V45A,-2.10,7.00,25.00
1VQBA,1VQB,A,V45C,0.00,7.00,25.00
1VQBA,1VQB,A,V45L,-3.00,7.00,25.00
1VQBA,1VQB,A,V45T,-3.50,7.00,25.00
1VQBA,1VQB,A,I47A,-7.10,7.00,25.00
1VQBA,1VQB,A,I47C,-5.30,7.00,25.00
1VQBA,1VQB,A,I47F,-2.00,7.00,25.00
1VQBA,1VQB,A,I47L,-0.70,7.00,25.00
1VQBA,1VQB,A,I47M,-2.20,7.00,25.00
1VQBA,1VQB,A,I47T,-7.60,7.00,25.00
1VQBA,1VQB,A,I47V,-2.60,7.00,25.00
1VQBA,1VQB,A,T48C,-0.80,7.00,25.00
1VQBA,1VQB,A,T48V,0.00,7.00,25.00
1VQBA,1VQB,A,L49A,-6.10,7.00,25.00
1VQBA,1VQB,A,L49C,-4.10,7.00,25.00
1VQBA,1VQB,A,L49I,-1.90,7.00,25.00
1VQBA,1VQB,A,L49T,-5.70,7.00,25.00
1VQBA,1VQB,A,L49V,-2.90,7.00,25.00
1VQBA,1VQB,A,D50H,-1.60,7.00,25.00
1VQBA,1VQB,A,T62C,-0.70,7.00,25.00
1VQBA,1VQB,A,T62V,1.30,7.00,25.00
1VQBA,1VQB,A,V63C,-4.10,7.00,25.00
1VQBA,1VQB,A,V63T,-5.00,7.00,25.00
1VQBA,1VQB,A,H64C,0.50,7.00,25.00
1VQBA,1VQB,A,L65P,-1.47,7.00,25.00
1VQBA,1VQB,A,S67C,-3.70,7.00,25.00
1VQBA,1VQB,A,S67T,-1.60,7.00,25.00
1VQBA,1VQB,A,F68L,-4.30,7.00,25.00
1VQBA,1VQB,A,F68V,-5.00,7.00,25.00
1VQBA,1VQB,A,K69H,-1.30,7.00,25.00
1VQBA,1VQB,A,K69M,0.10,7.00,25.00
1VQBA,1VQB,A,V70C,-3.30,7.00,25.00
1VQBA,1VQB,A,V70P,-5.10,7.00,25.00
1VQBA,1VQB,A,V70T,-3.50,7.00,25.00
1VQBA,1VQB,A,F73W,0.80,7.00,25.00
1VQBA,1VQB,A,M77A,-2.10,7.00,25.00
1VQBA,1VQB,A,M77C,0.00,7.00,25.00
1VQBA,1VQB,A,M77F,-0.20,7.00,25.00
1VQBA,1VQB,A,M77I,1.60,7.00,25.00
1VQBA,1VQB,A,M77L,-1.20,7.00,25.00
1VQBA,1VQB,A,M77T,-0.80,7.00,25.00
1VQBA,1VQB,A,M77V,1.20,7.00,25.00
1VQBA,1VQB,A,I78C,-4.40,7.00,25.00
1VQBA,1VQB,A,I78T,-6.60,7.00,25.00
1VQBA,1VQB,A,I78V,-1.30,7.00,25.00
1VQBA,1VQB,A,L81C,-3.70,7.00,25.00
1VQBA,1VQB,A,L81T,-5.10,7.00,25.00
1VQBA,1VQB,A,L81V,-0.20,7.00,25.00
1VQBA,1VQB,A,R82C,-1.50,7.00,25.00
1VQBA,1VQB,A,A86T,-0.66,7.00,25.00
1VQBA,1VQB,A,A86V,0.47,7.00,25.00
2RN2A,2RN2,A,D10A,4.05,9.00,47.00
2RN2A,2RN2,A,D10E,1.00,9.00,47.00
2RN2A,2RN2,A,D10H,2.40,9.00,47.00
2RN2A,2RN2,A,D10N,2.00,9.00,47.00
2RN2A,2RN2,A,D10S,2.70,9.00,47.00
2RN2A,2RN2,A,G23A,0.50,5.50,52.50
2RN2A,2RN2,A,A24V,0.88,5.50,52.70
2RN2A,2RN2,A,R41C,0.44,5.50,52.70
2RN2A,2RN2,A,E48A,-0.30,9.00,47.00
2RN2A,2RN2,A,E48D,-0.20,9.00,47.00
2RN2A,2RN2,A,E48Q,0.30,9.00,47.00
2RN2A,2RN2,A,H62D,-0.17,5.50,52.70
2RN2A,2RN2,A,H62P,1.10,5.50,52.50
2RN2A,2RN2,A,H62R,0.36,5.50,52.70
2RN2A,2RN2,A,D70A,1.10,9.00,47.00
2RN2A,2RN2,A,D70E,0.10,9.00,47.00
2RN2A,2RN2,A,D70N,1.60,9.00,47.00
2RN2A,2RN2,A,V74A,-3.40,5.50,52.00
2RN2A,2RN2,A,V74I,0.60,5.50,52.00
2RN2A,2RN2,A,V74L,0.90,5.50,52.50
2RN2A,2RN2,A,K91R,0.00,5.50,49.80
2RN2A,2RN2,A,D94E,-0.40,5.50,49.80
2RN2A,2RN2,A,K95A,0.10,5.50,49.80
2RN2A,2RN2,A,K95G,1.90,5.50,49.80
2RN2A,2RN2,A,K95N,0.89,5.50,49.80
2RN2A,2RN2,A,Q113P,-0.60,5.50,52.00
2RN2A,2RN2,A,K117R,0.03,5.50,52.70
2RN2A,2RN2,A,E119V,0.74,5.50,52.70
2RN2A,2RN2,A,A125T,0.00,5.50,52.00
2RN2A,2RN2,A,D134A,1.51,5.50,53.10
2RN2A,2RN2,A,D134E,0.86,5.50,53.10
2RN2A,2RN2,A,D134H,1.92,5.50,52.50
2RN2A,2RN2,A,D134I,1.27,5.50,53.10
2RN2A,2RN2,A,D134L,1.51,5.50,53.10
2RN2A,2RN2,A,D134N,0.90,5.50,53.10
2RN2A,2RN2,A,D134Q,1.32,5.50,53.10
2RN2A,2RN2,A,D134S,1.08,5.50,53.10
2RN2A,2RN2,A,D134T,1.08,5.50,53.10
2RN2A,2RN2,A,D134V,1.12,5.50,53.10
2RN2A,2RN2,A,E135K,-0.22,5.50,52.70
1BNIA,1BNI,A,I4A,-1.40,6.30,25.00
1BNIA,1BNI,A,I4V,-0.60,6.30,25.00
1BNIA,1BNI,A,N5A,-1.90,6.30,25.00
1BNIA,1BNI,A,T6A,-2.29,6.30,25.00
1BNIA,1BNI,A,T6D,0.11,6.30,25.00
1BNIA,1BNI,A,T6E,-0.27,6.30,25.00
1BNIA,1BNI,A,T6G,-1.27,6.30,25.00
1BNIA,1BNI,A,T6N,-1.27,6.30,25.00
1BNIA,1BNI,A,T6Q,-1.87,6.30,25.00
1BNIA,1BNI,A,T6S,-0.22,6.30,25.00
1BNIA,1BNI,A,F7L,-4.60,6.15,25.00
1BNIA,1BNI,A,D8A,-0.80,6.30,25.00
1BNIA,1BNI,A,V10A,-3.40,6.30,25.00
1BNIA,1BNI,A,V10T,-2.50,6.30,25.00
1BNIA,1BNI,A,D12A,-0.31,6.30,25.00
1BNIA,1BNI,A,D12A,1.10,6.30,25.00
1BNIA,1BNI,A,D12G,-1.20,6.30,25.00
1BNIA,1BNI,A,Y13A,-3.30,6.30,25.00
1BNIA,1BNI,A,Y13G,-6.40,6.30,25.00
1BNIA,1BNI,A,L14A,-4.53,6.30,25.00
1BNIA,1BNI,A,Q15A,-0.20,6.30,25.00
1BNIA,1BNI,A,Q15G,-1.60,6.30,25.00
1BNIA,1BNI,A,Q15I,1.00,6.30,25.00
1BNIA,1BNI,A,T16R,0.42,6.30,25.00
1BNIA,1BNI,A,T16S,-1.79,6.30,25.00
1BNIA,1BNI,A,Y17A,-2.00,6.30,25.00
1BNIA,1BNI,A,Y17G,-4.90,6.30,25.00
1BNIA,1BNI,A,H18K,-1.20,6.30,25.00
1BNIA,1BNI,A,H18Q,-1.60,6.30,25.00
1BNIA,1BNI,A,K19R,0.20,6.30,25.00
1BNIA,1BNI,A,N23A,-2.20,6.30,25.00
1BNIA,1BNI,A,Y24F,0.00,6.30,25.00
1BNIA,1BNI,A,I25A,-3.50,6.30,25.00
1BNIA,1BNI,A,I25V,-1.10,6.30,25.00
1BNIA,1BNI,A,T26A,-2.05,6.30,25.00
1BNIA,1BNI,A,T26E,-0.05,6.30,25.00
1BNIA,1BNI,A,T26G,-1.72,6.30,25.00
1BNIA,1BNI,A,T26N,-1.29,6.30,25.00
1BNIA,1BNI,A,T26Q,-1.72,6.30,25.00
1BNIA,1BNI,A,T26S,-0.56,6.30,25.00
1BNIA,1BNI,A,T26V,-2.31,6.30,25.00
1BNIA,1BNI,A,K27G,-0.40,6.30,25.00
1BNIA,1BNI,A,S28E,0.40,6.30,25.00
1BNIA,1BNI,A,E29G,-1.80,6.30,25.00
1BNIA,1BNI,A,E29Q,0.00,6.30,25.00
1BNIA,1BNI,A,Q31A,0.10,6.30,25.00
1BNIA,1BNI,A,Q31S,-0.20,6.30,25.00
1BNIA,1BNI,A,A32C,-1.00,6.30,25.00
1BNIA,1BNI,A,A32D,-0.70,6.30,25.00
1BNIA,1BNI,A,A32E,-0.60,6.30,25.00
1BNIA,1BNI,A,A32F,-0.70,6.30,25.00
1BNIA,1BNI,A,A32G,-0.90,6.30,25.00
1BNIA,1BNI,A,A32H,-0.80,6.30,25.00
1BNIA,1BNI,A,A32I,-0.80,6.30,25.00
1BNIA,1BNI,A,A32K,-0.20,6.30,25.00
1BNIA,1BNI,A,A32L,-0.30,6.30,25.00
1BNIA,1BNI,A,A32M,-0.30,6.30,25.00
1BNIA,1BNI,A,A32N,-0.70,6.30,25.00
1BNIA,1BNI,A,A32P,-4.10,6.30,25.00
1BNIA,1BNI,A,A32Q,-0.50,6.30,25.00
1BNIA,1BNI,A,A32R,-0.10,6.30,25.00
1BNIA,1BNI,A,A32S,-0.40,6.30,25.00
1BNIA,1BNI,A,A32T,-0.80,6.30,25.00
1BNIA,1BNI,A,A32V,-0.90,6.30,25.00
1BNIA,1BNI,A,A32W,-1.00,6.30,25.00
1BNIA,1BNI,A,A32Y,-0.80,6.30,25.00
1BNIA,1BNI,A,L33Q,-1.30,6.30,25.00
1BNIA,1BNI,A,V36A,-1.30,6.30,25.00
1BNIA,1BNI,A,V36T,-1.10,6.30,25.00
1BNIA,1BNI,A,N41D,-2.50,6.30,25.00
1BNIA,1BNI,A,D44E,0.10,6.30,25.00
1BNIA,1BNI,A,V45A,-1.80,6.30,25.00
1BNIA,1BNI,A,V45T,-2.40,6.30,25.00
1BNIA,1BNI,A,I51A,-4.70,6.30,25.00
1BNIA,1BNI,A,I51V,-1.83,6.30,25.00
1BNIA,1BNI,A,G52A,-5.30,6.30,54.10
1BNIA,1BNI,A,G52V,-8.40,6.30,54.10
1BNIA,1BNI,A,G53A,-3.40,6.30,54.10
1BNIA,1BNI,A,G53V,-7.80,6.30,54.10
1BNIA,1BNI,A,D54A,-3.15,6.30,25.00
1BNIA,1BNI,A,D54N,-2.53,6.30,25.00
1BNIA,1BNI,A,I55A,-1.10,6.30,25.00
1BNIA,1BNI,A,I55G,-3.10,6.30,25.00
1BNIA,1BNI,A,I55T,-0.60,6.30,25.00
1BNIA,1BNI,A,I55V,-0.30,6.30,25.00
1BNIA,1BNI,A,N58A,-2.70,6.30,25.00
1BNIA,1BNI,A,N58D,0.50,6.30,25.00
1BNIA,1BNI,A,K62R,-0.45,6.30,25.00
1BNIA,1BNI,A,G65S,0.50,6.30,25.00
1BNIA,1BNI,A,K66A,0.20,6.30,25.00
1BNIA,1BNI,A,R69K,-3.13,6.30,25.00
1BNIA,1BNI,A,R69M,-2.12,6.30,25.00
1BNIA,1BNI,A,R69S,-2.72,6.30,25.00
1BNIA,1BNI,A,R72G,-2.50,6.30,25.00
1BNIA,1BNI,A,E73A,-2.50,6.30,25.00
1BNIA,1BNI,A,E73G,-5.40,6.30,25.00
1BNIA,1BNI,A,D75N,4.80,6.30,25.00
1BNIA,1BNI,A,I76A,-1.90,6.30,25.00
1BNIA,1BNI,A,I76V,-0.80,6.30,25.00
1BNIA,1BNI,A,N77A,-1.60,6.30,25.00
1BNIA,1BNI,A,Y78F,-1.45,6.30,25.00
1BNIA,1BNI,A,T79V,0.30,6.30,25.00
1BNIA,1BNI,A,R83K,-4.13,6.30,25.00
1BNIA,1BNI,A,R83Q,2.05,6.30,25.00
1BNIA,1BNI,A,N84A,-2.00,6.30,25.00
1BNIA,1BNI,A,S85A,-0.12,6.30,25.00
1BNIA,1BNI,A,I88A,-4.21,6.30,25.00
1BNIA,1BNI,A,I88G,-7.40,6.30,25.00
1BNIA,1BNI,A,I88L,-0.30,6.30,25.00
1BNIA,1BNI,A,I88V,-1.37,6.30,25.00
1BNIA,1BNI,A,L89G,-7.00,6.30,25.00
1BNIA,1BNI,A,L89T,-2.50,6.30,25.00
1BNIA,1BNI,A,L89V,-0.30,6.30,25.00
1BNIA,1BNI,A,S91A,-1.48,6.30,25.00
1BNIA,1BNI,A,S92A,-2.82,6.30,25.00
1BNIA,1BNI,A,D93N,-4.11,6.30,25.00
1BNIA,1BNI,A,L95G,-4.70,6.30,25.00
1BNIA,1BNI,A,I96A,-3.46,6.30,25.00
1BNIA,1BNI,A,I96G,-5.70,6.30,25.00
1BNIA,1BNI,A,I96V,-1.02,6.30,25.00
1BNIA,1BNI,A,Y97G,-6.60,6.30,25.00
1BNIA,1BNI,A,T99V,-2.70,6.30,25.00
1BNIA,1BNI,A,T100G,-2.80,6.30,25.00
1BNIA,1BNI,A,Y103F,0.00,6.30,25.00
1BNIA,1BNI,A,Q104A,-0.20,6.30,25.00
1BNIA,1BNI,A,T105V,-2.20,6.30,25.00
1BNIA,1BNI,A,K108R,0.90,6.30,25.00
1BNIA,1BNI,A,I109A,-2.10,6.30,25.00
1BNIA,1BNI,A,I109V,-0.80,6.30,25.00
1BNIA,1BNI,A,R110A,-0.40,6.30,25.00
1EY0A,1STN,A,I18G,-2.60,7.00,20.00
1EY0A,1STN,A,I18M,-3.11,5.42,40.00
1EY0A,1STN,A,V23F,-1.43,5.35,40.00
1EY0A,1STN,A,L25A,-2.60,7.00,51.40
1EY0A,1STN,A,T33S,-1.40,7.00,20.00
1EY0A,1STN,A,L36A,-3.60,7.00,20.00
1EY0A,1STN,A,L36G,-5.40,7.00,20.00
1EY0A,1STN,A,L37A,-1.80,7.00,20.00
1EY0A,1STN,A,L37G,-3.90,7.00,20.00
1EY0A,1STN,A,H46Y,-3.35,5.38,40.00
1EY0A,1STN,A,A60G,-1.50,7.00,20.00
1EY0A,1STN,A,A60V,-2.90,7.00,20.00
1EY0A,1STN,A,F61A,-2.40,7.00,20.00
1EY0A,1STN,A,F61G,-4.70,7.00,20.00
1EY0A,1STN,A,T62A,-2.40,7.00,20.00
1EY0A,1STN,A,T62G,-3.40,7.00,20.00
1EY0A,1STN,A,V66L,0.80,7.00,51.40
1EY0A,1STN,A,E73A,-1.60,7.00,20.00
1EY0A,1STN,A,F76A,-4.10,7.00,20.00
1EY0A,1STN,A,F76G,-4.70,7.00,20.00
1EY0A,1STN,A,D77A,-3.20,7.00,20.00
1EY0A,1STN,A,D77G,-2.20,7.00,20.00
1EY0A,1STN,A,G79S,-1.30,7.00,51.40
1EY0A,1STN,A,D83A,-3.90,7.00,20.00
1EY0A,1STN,A,D83G,-2.80,7.00,20.00
1EY0A,1STN,A,G88V,0.50,7.00,51.40
1EY0A,1STN,A,L89F,-1.67,5.38,40.00
1EY0A,1STN,A,A90S,-2.37,7.00,20.00
1EY0A,1STN,A,Y91S,-5.30,7.00,20.00
1EY0A,1STN,A,D95A,-3.60,7.00,20.00
1EY0A,1STN,A,D95G,-3.10,7.00,20.00
1EY0A,1STN,A,L103A,-4.60,7.00,20.00
1EY0A,1STN,A,N118D,-2.50,7.00,20.00
1EY0A,1STN,A,H124L,-4.07,5.20,40.00
1EY0A,1STN,A,W140F,-0.60,7.00,20.00
1EY0A,1STN,A,W140H,-0.40,7.00,20.00
1EY0A,1STN,A,W140L,-4.50,7.00,20.00
1EY0A,1STN,A,W140Y,-1.10,7.00,20.00
1EY0A,1STN,A,S141A,-0.12,7.00,40.00
2LZMA,2LZM,A,I3A,-0.70,6.50,64.70
2LZMA,2LZM,A,I3C,-1.20,6.50,64.70
2LZMA,2LZM,A,I3D,-3.20,6.50,64.70
2LZMA,2LZM,A,I3E,-2.00,6.50,64.70
2LZMA,2LZM,A,I3F,-1.10,6.50,64.70
2LZMA,2LZM,A,I3G,-2.10,6.50,64.70
2LZMA,2LZM,A,I3L,0.40,6.50,64.70
2LZMA,2LZM,A,I3M,-0.90,6.50,64.70
2LZMA,2LZM,A,I3S,-1.70,6.50,64.70
2LZMA,2LZM,A,I3T,-2.30,6.50,64.70
2LZMA,2LZM,A,I3V,-0.40,6.50,64.70
2LZMA,2LZM,A,I3W,-2.80,6.50,64.70
2LZMA,2LZM,A,I3Y,-2.30,6.50,64.70
2LZMA,1L63,A,M6A,-1.60,5.40,65.30
2LZMA,2LZM,A,M6I,-1.38,6.00,65.50
2LZMA,1L63,A,L7A,-2.30,5.40,65.30
2LZMA,2LZM,A,E11A,1.10,5.40,66.48
2LZMA,2LZM,A,E11F,1.70,5.40,66.48
2LZMA,2LZM,A,E11H,0.10,5.40,65.10
2LZMA,2LZM,A,E11M,1.60,5.40,66.48
2LZMA,2LZM,A,E11N,-0.10,5.40,65.10
2LZMA,2LZM,A,R14K,-0.03,5.40,65.15
2LZMA,2LZM,A,K16E,0.50,5.30,66.70
2LZMA,1L63,A,I17A,-2.30,5.40,65.30
2LZMA,1L63,A,I17M,-2.20,5.40,65.30
2LZMA,2LZM,A,D20A,-0.30,5.40,65.10
2LZMA,2LZM,A,D20N,1.30,5.40,65.10
2LZMA,2LZM,A,D20S,0.70,5.40,65.10
2LZMA,2LZM,A,D20T,0.90,5.40,65.10
2LZMA,2LZM,A,E22K,0.57,5.40,65.15
2LZMA,2LZM,A,T26S,0.57,5.40,65.15
2LZMA,1L63,A,I27M,-3.10,5.40,65.30
2LZMA,2LZM,A,G30A,0.10,5.40,66.48
2LZMA,2LZM,A,G30F,-1.50,5.40,66.48
2LZMA,2LZM,A,H31N,-4.00,5.50,66.00
2LZMA,1L63,A,L33A,-2.90,5.40,65.30
2LZMA,1L63,A,L33M,-2.00,5.40,65.30
2LZMA,2LZM,A,S38D,0.60,6.90,66.10
2LZMA,2LZM,A,S38N,0.00,6.70,62.40
2LZMA,2LZM,A,L39A,-0.90,5.45,53.00
2LZMA,2LZM,A,N40A,0.32,6.70,62.20
2LZMA,2LZM,A,N40D,0.44,5.40,65.15
2LZMA,2LZM,A,A41D,0.29,5.40,65.15
2LZMA,2LZM,A,A41V,0.30,5.40,66.51
2LZMA,2LZM,A,A42K,-3.70,5.45,53.00
2LZMA,2LZM,A,K43A,-1.07,6.70,62.20
2LZMA,2LZM,A,S44A,0.34,6.70,62.20
2LZMA,2LZM,A,E45A,0.01,6.70,62.20
2LZMA,2LZM,A,L46A,-1.86,6.70,62.20
2LZMA,2LZM,A,D47A,-0.95,6.70,62.20
2LZMA,2LZM,A,K48A,-0.56,6.70,62.20
2LZMA,1L63,A,I50A,-1.60,5.40,65.30
2LZMA,1L63,A,I50M,-0.40,5.40,65.30
2LZMA,2LZM,A,C54T,0.30,6.50,70.00
2LZMA,2LZM,A,C54V,-0.70,6.50,70.00
2LZMA,2LZM,A,N55G,-0.60,6.50,64.70
2LZMA,2LZM,A,I58T,-3.40,5.40,59.00
2LZMA,2LZM,A,T59A,-1.50,6.50,63.00
2LZMA,2LZM,A,T59D,-1.20,6.50,63.00
2LZMA,2LZM,A,T59G,-1.60,6.50,63.00
2LZMA,2LZM,A,T59N,-1.10,6.50,63.00
2LZMA,2LZM,A,T59S,-0.20,6.50,63.00
2LZMA,2LZM,A,T59V,-1.50,6.50,63.00
2LZMA,2LZM,A,K60H,-0.10,6.50,63.00
2LZMA,2LZM,A,K60P,0.00,6.50,64.70
2LZMA,1L63,A,L66A,-3.30,5.40,65.30
2LZMA,1L63,A,L66M,-1.00,5.40,65.30
2LZMA,2LZM,A,Q69P,-2.90,6.50,63.20
2LZMA,2LZM,A,D72P,-2.70,6.50,63.40
2LZMA,2LZM,A,A74P,-4.70,6.50,62.90
2LZMA,2LZM,A,G77A,0.40,6.50,64.70
2LZMA,1L63,A,I78A,-1.20,5.40,65.30
2LZMA,2LZM,A,I78M,-1.50,5.42,65.30
2LZMA,2LZM,A,I78V,-0.80,5.35,61.00
2LZMA,2LZM,A,R80K,-0.17,5.40,65.15
2LZMA,2LZM,A,A82P,0.80,6.50,64.70
2LZMA,2LZM,A,K83H,-0.40,6.50,63.00
2LZMA,1L63,A,L84A,-3.70,5.40,65.30
2LZMA,2LZM,A,L84M,-1.90,5.42,65.30
2LZMA,2LZM,A,K85A,-0.60,5.35,58.00
2LZMA,1L63,A,V87A,-1.50,5.40,65.30
2LZMA,1L63,A,V87M,-2.30,5.40,65.30
2LZMA,2LZM,A,V87I,-0.30,5.35,61.00
2LZMA,2LZM,A,D89A,-0.50,5.35,58.00
2LZMA,2LZM,A,S90H,-1.10,5.50,65.40
2LZMA,1L63,A,L91A,-2.60,5.40,65.30
2LZMA,2LZM,A,L91M,-0.80,5.42,65.30
2LZMA,2LZM,A,D92N,-1.40,6.70,62.40
2LZMA,2LZM,A,A93P,0.10,6.50,64.70
2LZMA,2LZM,A,A93T,0.06,5.40,65.15
2LZMA,2LZM,A,R96A,-2.00,5.35,58.00
2LZMA,2LZM,A,R96C,-2.90,5.35,58.00
2LZMA,2LZM,A,R96D,-3.50,5.35,58.00
2LZMA,2LZM,A,R96E,-2.50,5.35,58.00
2LZMA,2LZM,A,R96F,-4.20,5.35,58.00
2LZMA,2LZM,A,R96G,-2.60,5.35,58.00
2LZMA,2LZM,A,R96H,-2.80,6.50,70.00
2LZMA,2LZM,A,R96I,-2.90,5.35,58.00
2LZMA,2LZM,A,R96K,0.00,5.35,58.00
2LZMA,2LZM,A,R96L,-3.20,5.35,58.00
2LZMA,2LZM,A,R96M,-2.70,5.35,58.00
2LZMA,2LZM,A,R96N,-3.00,5.35,58.00
2LZMA,2LZM,A,R96P,-5.50,5.35,58.00
2LZMA,2LZM,A,R96Q,-0.30,5.35,58.00
2LZMA,2LZM,A,R96S,-2.60,5.35,58.00
2LZMA,2LZM,A,R96T,-2.80,5.35,58.00
2LZMA,2LZM,A,R96V,-2.40,5.35,58.00
2LZMA,2LZM,A,R96W,-4.50,5.35,58.00
2LZMA,2LZM,A,R96Y,-4.70,5.35,58.00
2LZMA,2LZM,A,L99A,-4.50,5.70,64.88
2LZMA,2LZM,A,L99F,-0.30,5.70,64.88
2LZMA,2LZM,A,L99G,-6.30,5.40,65.20
2LZMA,2LZM,A,L99I,-1.50,5.70,64.88
2LZMA,2LZM,A,L99M,-0.60,5.42,64.88
2LZMA,2LZM,A,L99V,-2.00,5.70,64.88
2LZMA,1L63,A,I100A,-2.50,5.40,65.30
2LZMA,2LZM,A,I100M,-1.60,5.42,65.30
2LZMA,2LZM,A,I100V,-0.40,5.35,61.00
2LZMA,2LZM,A,N101A,-1.50,5.40,59.00
2LZMA,1L63,A,M102A,-2.90,5.40,65.30
2LZMA,2LZM,A,M102K,-6.90,5.30,65.30
2LZMA,2LZM,A,M102L,-0.70,5.70,64.89
2LZMA,1L63,A,V103A,-1.60,5.40,65.30
2LZMA,2LZM,A,V103I,-0.50,5.35,61.00
2LZMA,2LZM,A,V103M,-1.20,5.42,65.30
2LZMA,1L63,A,F104A,-2.70,5.40,65.30
2LZMA,1L63,A,F104M,-0.40,5.40,65.30
2LZMA,2LZM,A,Q105A,-0.60,5.80,66.30
2LZMA,2LZM,A,Q105E,-1.10,5.80,66.30
2LZMA,2LZM,A,Q105G,-1.50,5.80,66.30
2LZMA,2LZM,A,Q105M,-1.20,5.40,59.00
2LZMA,1L63,A,M106A,-1.90,5.40,65.30
2LZMA,2LZM,A,M106I,0.20,5.35,61.00
2LZMA,2LZM,A,E108V,0.70,5.40,65.20
2LZMA,2LZM,A,T109D,0.60,6.70,62.40
2LZMA,2LZM,A,T109N,0.10,6.70,62.40
2LZMA,1L63,A,V111M,-0.70,5.40,65.30
2LZMA,2LZM,A,V111A,-1.00,5.40,62.40
2LZMA,2LZM,A,V111F,-1.40,5.70,64.89
2LZMA,2LZM,A,V111I,-0.70,5.70,64.89
2LZMA,2LZM,A,G113A,0.30,6.50,64.70
2LZMA,2LZM,A,G113E,0.30,5.40,65.15
2LZMA,2LZM,A,T115E,0.04,6.50,66.10
2LZMA,2LZM,A,N116D,0.60,5.70,66.10
2LZMA,2LZM,A,S117F,1.10,5.40,66.48
2LZMA,2LZM,A,S117F,1.10,5.40,65.09
2LZMA,2LZM,A,S117I,1.70,5.40,66.48
2LZMA,2LZM,A,S117V,2.00,5.40,66.48
2LZMA,1L63,A,L118A,-3.20,5.40,65.30
2LZMA,2LZM,A,L118I,-1.20,5.35,61.00
2LZMA,2LZM,A,L118M,-0.70,5.42,65.30
2LZMA,2LZM,A,R119E,-0.04,5.30,66.70
2LZMA,2LZM,A,R119H,-0.29,5.40,65.15
2LZMA,2LZM,A,R119M,0.10,5.70,66.10
2LZMA,2LZM,A,M120Y,-0.10,5.35,61.00
2LZMA,2LZM,A,L121A,-2.25,5.40,65.30
2LZMA,2LZM,A,L121M,-0.80,5.42,65.30
2LZMA,2LZM,A,Q123E,0.40,6.50,64.50
2LZMA,2LZM,A,K124G,-0.10,6.50,64.70
2LZMA,1L63,A,A129M,-2.80,5.40,59.00
2LZMA,2LZM,A,A129L,-1.30,5.40,65.30
2LZMA,2LZM,A,A129M,-1.90,5.40,65.30
2LZMA,2LZM,A,V131A,0.39,5.40,66.51
2LZMA,2LZM,A,N132F,1.30,5.40,66.48
2LZMA,2LZM,A,N132I,1.20,5.40,66.48
2LZMA,2LZM,A,N132M,1.50,5.40,66.48
2LZMA,2LZM,A,L133D,-5.70,6.50,61.90
2LZMA,2LZM,A,L133F,-0.30,5.35,61.00
2LZMA,2LZM,A,L133M,-0.40,5.42,65.30
2LZMA,2LZM,A,K135E,-1.00,5.30,66.70
2LZMA,2LZM,A,N144D,0.50,6.90,66.10
2LZMA,2LZM,A,N144E,0.40,6.50,64.50
2LZMA,2LZM,A,N144H,0.30,6.70,62.40
2LZMA,2LZM,A,A146T,-1.50,6.50,70.00
2LZMA,2LZM,A,K147E,-0.70,5.30,66.70
2LZMA,1L63,A,V149M,-2.80,5.40,65.30
2LZMA,2LZM,A,V149A,-3.15,5.40,59.00
2LZMA,2LZM,A,V149C,-2.00,5.40,59.00
2LZMA,2LZM,A,V149G,-4.90,5.40,59.00
2LZMA,2LZM,A,V149I,0.00,5.40,59.00
2LZMA,2LZM,A,V149S,-4.40,5.40,59.00
2LZMA,2LZM,A,V149T,-3.00,5.40,59.00
2LZMA,2LZM,A,T151S,0.39,5.40,65.15
2LZMA,2LZM,A,T152A,-1.50,5.40,59.00
2LZMA,2LZM,A,T152C,-0.50,5.40,59.00
2LZMA,2LZM,A,T152I,-0.40,5.40,59.00
2LZMA,2LZM,A,T152S,-2.00,5.40,59.00
2LZMA,2LZM,A,T152V,0.20,5.40,59.00
2LZMA,2LZM,A,F153A,-3.80,5.40,64.88
2LZMA,2LZM,A,F153I,-0.20,5.70,64.88
2LZMA,2LZM,A,F153L,0.35,5.40,65.15
2LZMA,2LZM,A,F153M,-0.60,5.42,65.30
2LZMA,2LZM,A,F153V,-1.80,5.70,64.88
2LZMA,2LZM,A,R154E,-1.10,5.30,66.70
2LZMA,2LZM,A,G156D,-2.30,6.50,64.70
2LZMA,2LZM,A,T157I,-1.20,6.00,64.50
2LZMA,2LZM,A,A160T,-1.65,6.00,65.50
2LZMA,2LZM,A,N163D,-0.21,5.40,65.15
1EL1A,4LYZ,A,F3Y,-0.45,6.40,74.00
1EL1A,1LZ1,A,E7Q,-1.43,4.00,65.00
1EL1A,4LYZ,A,M12L,0.24,2.70,66.00
1EL1A,4LYZ,A,K13D,8.00,9.50,20.00
1EL1A,4LYZ,A,H15L,0.76,6.40,74.00
1EL1A,1LZ1,A,D18N,-1.70,4.00,65.00
1EL1A,4LYZ,A,N19K,-1.06,6.40,74.00
1EL1A,1EL1,A,H21G,-0.48,4.50,66.40
1EL1A,4LYZ,A,R21Q,-0.15,6.40,74.00
1EL1A,1HFY,A,T29I,3.23,7.00,25.00
1EL1A,1HFY,A,T29V,1.86,7.00,25.00
1EL1A,4LYZ,A,A31I,1.40,6.40,74.00
1EL1A,4LYZ,A,A31L,1.80,6.40,74.00
1EL1A,4LYZ,A,A31V,1.20,6.40,74.00
1EL1A,1HFZ,A,H32A,-2.13,7.40,56.20
1EL1A,1HFZ,A,H32Y,0.07,7.40,56.20
1EL1A,4LYZ,A,F34Y,0.19,6.40,74.00
1EL1A,1HFY,A,T38A,-1.60,7.00,58.85
1EL1A,4LYZ,A,T40I,-2.20,6.40,74.00
1EL1A,4LYZ,A,T40S,-0.27,6.40,74.00
1EL1A,1HFZ,A,V42A,-0.93,7.40,56.20
1EL1A,1HFZ,A,V42G,-1.15,7.40,56.20
1EL1A,1HFZ,A,V42N,-0.24,7.40,56.20
1EL1A,1LZ1,A,D49N,-1.00,4.00,65.00
1EL1A,4LYZ,A,G49N,2.00,9.50,20.00
1EL1A,1HFZ,A,Q54A,-0.41,7.40,56.20
1EL1A,4LYZ,A,I55A,-4.40,6.40,74.00
1EL1A,4LYZ,A,I55F,-2.46,6.40,74.00
1EL1A,4LYZ,A,I55L,-0.45,6.40,74.00
1EL1A,4LYZ,A,I55M,-2.27,6.40,74.00
1EL1A,4LYZ,A,I55T,-4.96,6.40,74.00
1EL1A,4LYZ,A,I55V,-0.91,6.40,74.00
1EL1A,1EL1,A,I56L,-0.24,4.50,66.40
1EL1A,1HFZ,A,I59W,-0.93,7.40,56.20
1EL1A,1LZ1,A,D67N,-2.25,4.00,65.00
1EL1A,4LYZ,A,R68K,-0.04,6.40,74.00
1EL1A,4LYZ,A,P70N,3.50,9.50,20.00
1EL1A,4LYZ,A,R73K,0.23,6.40,74.00
1EL1A,4LYZ,A,N77H,-0.38,6.40,74.00
1EL1A,4LYZ,A,S91A,-0.15,6.40,74.00
1EL1A,4LYZ,A,S91D,-2.31,6.40,74.00
1EL1A,4LYZ,A,S91T,0.99,6.40,74.00
1EL1A,4LYZ,A,S91V,-0.08,6.40,74.00
1EL1A,4LYZ,A,S91Y,-3.07,6.40,74.00
1EL1A,1EL1,A,A93S,-0.26,4.50,66.40
1EL1A,4LYZ,A,C94A,6.00,9.50,20.00
1EL1A,4LYZ,A,D101A,0.76,6.40,74.00
1EL1A,4LYZ,A,D101E,0.00,6.40,74.00
1EL1A,4LYZ,A,D101F,0.72,6.40,74.00
1EL1A,4LYZ,A,D101G,0.45,6.40,74.00
1EL1A,4LYZ,A,D101K,0.19,6.40,74.00
1EL1A,4LYZ,A,D101N,0.04,6.40,74.00
1EL1A,4LYZ,A,D101Q,-0.08,6.40,74.00
1EL1A,4LYZ,A,D101R,0.27,6.40,74.00
1EL1A,4LYZ,A,D101S,0.87,6.40,74.00
1EL1A,1LZ1,A,D102N,-0.67,4.00,65.00
1EL1A,4LYZ,A,G102R,0.38,6.40,74.00
1EL1A,4LYZ,A,G102V,-0.04,6.40,74.00
1EL1A,1HFZ,A,Y103A,-2.39,7.40,56.20
1EL1A,1HFZ,A,Y103P,-0.22,7.40,56.20
1EL1A,4LYZ,A,N103D,-1.00,9.50,20.00
1EL1A,1HFZ,A,W104Y,-2.44,7.40,56.20
1EL1A,4LYZ,A,M105T,-1.00,9.50,20.00
1EL1A,1HFZ,A,A106S,-1.05,7.40,56.20
1EL1A,1HFZ,A,H107A,-0.79,7.40,56.20
1EL1A,1HFZ,A,H107W,-1.72,7.40,56.20
1EL1A,1HFZ,A,H107Y,-0.19,7.40,56.20
1EL1A,1EL1,A,V109K,-0.43,4.50,66.40
1EL1A,1HFZ,A,L110E,-0.19,7.40,56.20
1EL1A,1HFZ,A,L110H,1.39,7.40,56.20
1EL1A,1HFZ,A,L110R,0.43,7.40,56.20
1EL1A,1HFZ,A,K114E,-0.65,7.40,56.20
1EL1A,1HFZ,A,K114N,2.65,7.40,56.20
1EL1A,1HFZ,A,K114Q,-0.60,7.40,56.20
1EL1A,4LYZ,A,R114H,0.68,6.40,74.00
1EL1A,1HFZ,A,Q117A,-0.96,7.40,56.20
1EL1A,1HFZ,A,W118H,-0.60,7.40,56.20
1EL1A,1HFZ,A,W118Y,-1.17,7.40,56.20
1EL1A,1LZ1,A,D120N,-0.67,4.00,65.00
1EL1A,4LYZ,A,Q121H,-0.45,6.40,74.00
1A23A,1A23,A,H32L,5.30,7.00,30.00
1A23A,1A23,A,H32S,5.20,7.00,30.00
1A23A,1A23,A,H32Y,6.80,7.00,30.00
1ARRA,1ARR,A,P8L,2.48,7.50,25.00
1RG8A,2AFG,A,H21Y,0.39,7.30,39.80
1RG8A,2AFG,A,L44F,0.47,7.30,39.80
1RG8A,2AFG,A,L44F,0.72,6.60,24.85
1RG8A,2AFG,A,L44P,0.69,6.60,40.05
1RG8A,2AFG,A,L44W,3.40,6.60,24.85
1RG8A,2AFG,A,L73V,-1.46,6.60,40.05
1RG8A,2AFG,A,F85W,-0.07,6.60,24.85
1RG8A,2AFG,A,H102Y,0.10,7.30,39.80
1RG8A,2AFG,A,F108Y,0.33,7.30,39.80
1RG8A,2AFG,A,V109I,-0.11,7.30,39.80
1RG8A,2AFG,A,V109L,-0.57,6.60,40.05
1RG8A,2AFG,A,C117I,-1.20,6.60,24.85
1RG8A,2AFG,A,C117S,-0.26,6.60,39.45
1RG8A,2AFG,A,F132W,0.29,6.60,24.85
1RTP1,1RRO,A,P21A,-0.74,7.40,53.60
1RTP1,1RTP,1,A21P,-0.50,7.40,45.80
1RTP1,1RRO,A,P26A,-0.74,7.40,53.60
1RTP1,1RTP,1,H26P,1.25,7.40,45.80
1RTP1,1RTP,1,K80S,-0.29,7.40,45.80
1SHGA,1SHG,A,K18F,2.33,7.00,24.85
1SHGA,1SHG,A,F52Y,-0.44,7.00,24.85
1SHGA,1SHG,A,K59F,-0.92,7.00,24.85
1SHGA,1SHG,A,K59Y,0.84,7.00,24.85
1UWOA,1IGV,A,E17Q,0.38,7.00,25.00
1UWOA,1IGV,A,D19N,0.72,7.00,25.00
1UWOA,1IGV,A,E26Q,0.10,7.00,25.00
1W4HA,1W4H,A,A130G,-0.04,7.00,9.85
1W4HA,1W4H,A,L131A,-0.94,7.00,9.85
1W4HA,1W4H,A,S132G,-0.47,7.00,9.85
1W4HA,1W4H,A,P133A,0.38,7.00,9.85
1W4HA,1W4H,A,A134G,-0.37,7.00,9.85
1W4HA,1W4H,A,I135A,-1.63,7.00,9.85
1W4HA,1W4H,A,I135V,-0.03,7.00,9.85
1W4HA,1W4H,A,L138A,-1.67,7.00,9.85
1W4HA,1W4H,A,L139A,-3.50,7.00,9.85
1W4HA,1W4H,A,A140G,-1.02,7.00,9.85
1W4HA,1W4H,A,L144A,-1.90,7.00,9.85
1W4HA,1W4H,A,A146G,-0.58,7.00,9.85
1W4HA,1W4H,A,A148G,-0.43,7.00,9.85
1W4HA,1W4H,A,I149V,-0.75,7.00,9.85
1W4HA,1W4H,A,T152A,-1.36,7.00,9.85
1W4HA,1W4H,A,T152S,-0.29,7.00,9.85
1W4HA,1W4H,A,V154G,-0.84,7.00,9.85
1W4HA,1W4H,A,L158A,-2.12,7.00,9.85
1W4HA,1W4H,A,T159S,-1.63,7.00,9.85
1W4HA,1W4H,A,D162N,-3.10,7.00,9.85
1W4HA,1W4H,A,V163A,-2.02,7.00,9.85
1W4HA,1W4H,A,H166A,0.06,7.00,9.85
1W4HA,1W4H,A,H166G,-1.58,7.00,9.85
1W4HA,1W4H,A,A168G,-0.07,7.00,9.85
2DRIA,2DRI,A,L62C,-2.70,7.60,25.00
2DRIA,2DRI,A,A188C,-1.80,7.60,25.00
2HPRA,1POH,A,S46D,1.05,7.00,30.00
2HPRA,2HPR,A,S46D,0.70,7.00,73.60
2Q98A,3HHR,A,S71A,-0.97,8.00,20.00
2Q98A,3HHR,A,S71Q,-1.28,8.00,20.00
2Q98A,3HHR,A,S71T,0.33,8.00,20.00
2Q98A,3HHR,A,S71V,-1.19,8.00,20.00
2Q98A,3HHR,A,E74A,-0.49,8.00,20.00
2Q98A,3HHR,A,E74D,-0.55,8.00,20.00
2Q98A,3HHR,A,E74L,-0.79,8.00,20.00
2Q98A,3HHR,A,E74Q,-0.18,8.00,20.00
2Q98A,3HHR,A,E74S,-0.91,8.00,20.00
2Q98A,3HHR,A,E74T,-0.55,8.00,20.00
5CROA,5CRO,A,Y26C,2.20,7.00,45.00
5CROA,5CRO,A,Y26D,2.70,7.00,45.00
5CROA,5CRO,A,Y26F,0.40,7.00,45.00
5CROA,5CRO,A,Y26H,1.90,7.00,45.00
5CROA,5CRO,A,Y26L,1.10,7.00,45.00
5CROA,5CRO,A,Y26Q,1.40,7.00,45.00
5CROA,5CRO,A,Y26V,0.90,7.00,45.00
5CROA,5CRO,A,Y26W,-0.10,7.00,45.00
1AARA,1AAR,A,K6E,0.53,5.00,25.00
1AARA,1AAR,A,K6Q,0.26,5.00,25.00
1AARA,1AAR,A,K27Q,-1.91,5.00,25.00
1AARA,1AAR,A,K29N,-1.48,5.00,25.00
1AARA,1AAR,A,K29Q,-1.67,5.00,25.00
1AARA,1AAR,A,R42E,1.63,5.00,25.00
1AARA,1AAR,A,F45W,0.32,5.00,25.00
1AARA,1AAR,A,H68E,0.76,5.00,25.00
1AARA,1AAR,A,H68Q,0.55,5.00,25.00
1AARA,1AAR,A,R72Q,-0.33,5.00,25.00
1AG2A,1AG2,A,M129V,-0.33,7.00,25.00
1AG2A,1AG2,A,V180I,-0.50,7.00,25.00
1AG2A,1AG2,A,T183A,-4.62,7.00,25.00
1AG2A,1AG2,A,T190V,0.17,7.00,25.00
1AG2A,1AG2,A,F198S,-2.46,7.00,25.00
1AG2A,1AG2,A,E200K,-0.14,7.00,25.00
1AG2A,1AG2,A,R208H,-1.43,7.00,25.00
1AG2A,1AG2,A,V210I,-0.26,7.00,25.00
1AG2A,1AG2,A,Q217R,-2.13,7.00,25.00
1AKYA,2AKY,A,V8I,-1.20,7.50,25.00
1AKYA,2AKY,A,T77H,-2.15,7.50,25.00
1AKYA,1ANK,A,D84H,-1.40,7.20,51.80
1AKYA,1ANK,A,G85V,-2.40,7.20,51.80
1AKYA,1ANK,A,F86L,-0.80,7.20,51.80
1AKYA,1ANK,A,R88G,-0.20,7.40,51.80
1AKYA,2AKY,A,N169D,-2.15,7.50,25.00
1AKYA,2AKY,A,I213F,-1.91,7.50,25.00
1AZPA,1SSO,A,I29V,-0.40,7.00,50.00
1AZPA,1AZP,A,V30I,0.70,7.00,50.00
1B26A,1B26,A,R190A,-0.34,7.00,69.50
1B26A,1B26,A,K193A,0.23,7.00,69.50
1B26A,1B26,A,E231A,-0.17,7.00,69.50
1BVCA,1BVC,A,E4A,-0.35,4.00,25.00
1BVCA,1BVC,A,W7F,-0.90,7.80,4.00
1BVCA,1BVC,A,Q8A,0.88,4.20,4.00
1BVCA,1BVC,A,Q8G,-0.50,4.20,4.00
1BVCA,1BVC,A,L9A,-0.41,9.60,82.20
1BVCA,1BVC,A,L11A,-0.44,9.60,82.20
1BVCA,1BVC,A,V13A,-0.67,9.60,82.20
1BVCA,1BVC,A,W14F,-1.10,7.80,4.00
1BVCA,1BVC,A,G23A,-1.12,9.60,82.20
1BVCA,1BVC,A,H36Q,-0.80,7.80,4.00
1BVCA,1BVC,A,D44A,0.25,4.00,25.00
1BVCA,1BVC,A,T51A,-1.41,9.60,82.20
1BVCA,1BVC,A,K56A,-0.35,4.00,25.00
1BVCA,1BVC,A,D60A,-0.15,4.00,25.00
1BVCA,1BVC,A,V66A,0.75,9.60,82.20
1BVCA,1BVC,A,T67A,-0.26,9.60,82.20
1BVCA,1BVC,A,V68T,-0.40,7.80,4.00
1BVCA,1BVC,A,K77A,0.20,4.00,25.00
1BVCA,1BVC,A,P88A,0.59,9.60,82.20
1BVCA,1BVC,A,E109A,0.17,4.20,4.00
1BVCA,1BVC,A,E109G,-0.89,4.20,4.00
1BVCA,1BVC,A,V114A,-1.45,9.60,82.20
1BVCA,1BVC,A,H116A,0.16,9.60,82.20
1BVCA,1BVC,A,S117A,-0.26,9.60,82.20
1BVCA,1BVC,A,F123K,-2.10,7.80,4.00
1BVCA,1BVC,A,G129A,1.10,9.60,82.20
1BVCA,1BVC,A,A130K,-2.10,7.80,4.00
1BVCA,1BVC,A,A130L,-0.90,7.80,4.00
1BVCA,1BVC,A,M131A,-2.20,7.80,4.00
1BVCA,1BVC,A,L137A,-1.78,9.60,82.20
1BVCA,1BVC,A,K140A,0.35,4.20,4.00
1BVCA,1BVC,A,I142A,-1.90,9.60,82.20
1BVCA,1BVC,A,L149A,-1.60,9.60,82.20
1C5GA,1C5G,A,R53E,-1.20,6.60,50.20
1C5GA,1C5G,A,E350P,0.30,6.60,50.20
1C5GA,1C5G,A,E350R,-0.30,6.60,50.20
1HNGA,1CDC,A,L16V,2.20,7.00,25.00
1HNGA,1CDC,A,I18V,1.17,7.00,25.00
1HNGA,1CDC,A,V30A,4.88,7.00,25.00
1HNGA,1CDC,A,A40G,1.71,7.00,25.00
1HNGA,1CDC,A,L50V,-0.37,7.00,25.00
1HNGA,1CDC,A,I57V,0.43,7.00,25.00
1HNGA,1CDC,A,V78A,3.01,7.00,25.00
1HNGA,1CDC,A,L89V,0.14,7.00,25.00
1HNGA,1CDC,A,L95V,0.75,7.00,25.00
1IETA,1CYO,A,F35H,-2.82,7.00,66.20
1IETA,1CYO,A,F35L,-1.87,7.00,66.20
1IETA,1CYO,A,F35Y,0.79,7.00,66.20
1IETA,1CYO,A,V45E,-2.68,7.00,66.70
1IETA,1CYO,A,V45H,-1.34,7.00,66.70
1IETA,1CYO,A,V45Y,-1.53,7.00,66.70
1IETA,1CYO,A,V61E,-1.10,7.00,25.00
1IETA,1CYO,A,V61H,-1.63,7.00,25.00
1IETA,1CYO,A,V61K,-2.34,7.00,25.00
1IETA,1CYO,A,V61Y,-1.29,7.00,25.00
1IETA,1B5M,A,P81A,-1.15,7.20,25.00
1MJCA,1C9O,A,Q2L,0.55,7.00,70.00
1MJCA,1C9O,A,R3A,-1.89,7.00,70.00
1MJCA,1C9O,A,R3E,-2.75,7.00,70.00
1MJCA,1C9O,A,R3K,-0.19,7.00,70.00
1MJCA,1C9O,A,R3L,-0.93,7.00,70.00
1MJCA,1CSP,A,E3L,1.60,7.00,70.00
1MJCA,1CSP,A,E3Q,0.98,7.50,55.00
1MJCA,1CSP,A,E3R,2.65,7.00,70.00
1MJCA,1CSP,A,K5E,-3.11,7.50,55.00
1MJCA,1CSP,A,K5Q,-1.96,7.50,55.00
1MJCA,1CSP,A,N10D,0.31,7.50,55.00
1MJCA,1CSP,A,N10K,-1.51,7.50,55.00
1MJCA,1C9O,A,N11S,0.33,7.00,70.00
1MJCA,1CSP,A,E12K,-0.62,7.50,55.00
1MJCA,1CSP,A,K13E,-0.29,7.50,55.00
1MJCA,1CSP,A,K13Q,-0.14,7.50,55.00
1MJCA,1C9O,A,Y15F,-0.05,7.00,70.00
1MJCA,1CSP,A,E19K,-0.57,7.50,55.00
1MJCA,1CSP,A,E19Q,-0.19,7.50,55.00
1MJCA,1CSP,A,V20K,-1.94,7.50,55.00
1MJCA,1CSP,A,V20Q,-1.82,7.50,55.00
1MJCA,1C9O,A,E21A,-0.29,7.00,70.00
1MJCA,1C9O,A,E21K,-0.26,7.00,75.00
1MJCA,1CSP,A,E21K,-0.12,7.50,55.00
1MJCA,1CSP,A,E21Q,-0.31,7.50,55.00
1MJCA,1C9O,A,G23Q,-0.29,7.00,70.00
1MJCA,1C9O,A,S24D,0.22,7.00,70.00
1MJCA,1CSP,A,D24K,-0.48,7.50,55.00
1MJCA,1CSP,A,D24N,-0.72,7.50,55.00
1MJCA,1CSP,A,D25K,-1.43,7.50,55.00
1MJCA,1CSP,A,D25Q,-0.81,7.50,55.00
1MJCA,1C9O,A,H29E,-0.77,7.00,75.00
1MJCA,1C9O,A,T31S,0.17,7.00,70.00
1MJCA,1CSP,A,F38A,0.31,7.00,60.00
1MJCA,1CSP,A,K39E,-0.26,7.50,55.00
1MJCA,1CSP,A,K39Q,-0.02,7.50,55.00
1MJCA,1CSP,A,E42K,0.02,7.50,55.00
1MJCA,1CSP,A,E42Q,-0.12,7.50,55.00
1MJCA,1CSP,A,E43K,0.17,7.50,55.00
1MJCA,1CSP,A,E43Q,0.05,7.50,55.00
1MJCA,1C9O,A,E46A,-0.22,7.00,70.00
1MJCA,1C9O,A,E46K,-0.65,7.00,75.00
1MJCA,1CSP,A,A46E,-0.60,7.00,70.00
1MJCA,1CSP,A,S48E,0.10,7.50,55.00
1MJCA,1CSP,A,S48K,0.74,7.50,55.00
1MJCA,1CSP,A,E50K,-0.57,7.50,55.00
1MJCA,1CSP,A,E50Q,-1.22,7.50,55.00
1MJCA,1C9O,A,Q53E,-0.10,7.00,70.00
1MJCA,1CSP,A,E53K,-0.19,7.50,55.00
1MJCA,1CSP,A,E53Q,0.19,7.50,55.00
1MJCA,1CSP,A,N55D,0.50,7.50,55.00
1MJCA,1CSP,A,N55K,-0.10,7.50,55.00
1MJCA,1C9O,A,R56E,0.77,7.00,75.00
1MJCA,1CSP,A,R56Q,0.38,7.50,55.00
1MJCA,1C9O,A,V64T,-0.26,7.00,70.00
1MJCA,1CSP,A,K65E,-1.70,7.50,55.00
1MJCA,1CSP,A,K65Q,-0.77,7.50,55.00
1MJCA,1C9O,A,L66E,-1.24,7.00,70.00
1MJCA,1CSP,A,E66L,2.10,7.00,70.00
1N0JA,1N0J,A,Y34F,3.10,7.80,88.90
1N0JA,1N0J,A,I58T,-2.70,7.80,70.00
1N0JA,1N0J,A,Q143N,0.06,7.80,88.90
1PINA,1PIN,A,K6A,0.15,7.00,40.00
1PINA,1PIN,A,L7A,-1.72,7.00,40.00
1PINA,1PIN,A,L7I,-0.85,7.00,40.00
1PINA,1PIN,A,L7N,-0.90,7.00,40.00
1PINA,1PIN,A,L7V,-1.26,7.00,40.00
1PINA,1PIN,A,P8A,-0.97,7.00,40.00
1PINA,1PIN,A,P8G,-0.92,7.00,40.00
1PINA,1PIN,A,P9A,-0.19,7.00,40.00
1PINA,1PIN,A,P9G,-0.49,7.00,40.00
1PINA,1PIN,A,G10A,-0.85,7.00,40.00
1PINA,1PIN,A,W11F,-1.93,7.00,40.00
1PINA,1PIN,A,E12A,-0.48,7.00,40.00
1PINA,1PIN,A,K13A,-0.02,7.00,40.00
1PINA,1PIN,A,R14A,-1.63,7.00,40.00
1PINA,1PIN,A,M15A,-0.59,7.00,40.00
1PINA,1PIN,A,S16A,-0.44,7.00,40.00
1PINA,1PIN,A,S16G,-0.92,7.00,40.00
1PINA,1PIN,A,R17A,0.00,7.00,40.00
1PINA,1PIN,A,R17G,-0.22,7.00,40.00
1PINA,1PIN,A,S18A,0.03,7.00,40.00
1PINA,1PIN,A,S18G,0.02,7.00,40.00
1PINA,1PIN,A,S19A,-0.14,7.00,40.00
1PINA,1PIN,A,S19G,0.01,7.00,40.00
1PINA,1PIN,A,G20A,-0.86,7.00,40.00
1PINA,1PIN,A,R21A,-0.65,7.00,40.00
1PINA,1PIN,A,R21G,-0.67,7.00,40.00
1PINA,1PIN,A,V22A,-0.26,7.00,40.00
1PINA,1PIN,A,Y23A,-1.08,7.00,40.00
1PINA,1PIN,A,Y23F,-0.52,7.00,40.00
1PINA,1PIN,A,Y23L,-1.18,7.00,40.00
1PINA,1PIN,A,Y24F,-0.66,7.00,40.00
1PINA,1PIN,A,Y24W,-0.56,7.00,40.00
1PINA,1PIN,A,F25A,-2.14,7.00,40.00
1PINA,1PIN,A,F25L,-1.37,7.00,40.00
1PINA,1PIN,A,F25Y,0.22,7.00,40.00
1PINA,1PIN,A,N26D,-1.88,7.00,40.00
1PINA,1PIN,A,H27A,-0.12,7.00,40.00
1PINA,1PIN,A,H27G,-0.68,7.00,40.00
1PINA,1PIN,A,I28A,-0.36,7.00,40.00
1PINA,1PIN,A,I28G,-0.48,7.00,40.00
1PINA,1PIN,A,T29A,-1.25,7.00,40.00
1PINA,1PIN,A,T29D,-1.33,7.00,40.00
1PINA,1PIN,A,T29G,-1.99,7.00,40.00
1PINA,1PIN,A,T29S,-0.65,7.00,40.00
1PINA,1PIN,A,N30A,-0.47,7.00,40.00
1PINA,1PIN,A,N30G,0.53,7.00,40.00
1PINA,1PIN,A,A31G,-1.49,7.00,40.00
1PINA,1PIN,A,S32A,-0.26,7.00,40.00
1PINA,1PIN,A,S32G,-0.81,7.00,40.00
1PINA,1PIN,A,Q33A,-0.57,7.00,40.00
1PINA,1PIN,A,W34A,-0.40,7.00,40.00
1PINA,1PIN,A,W34F,-0.10,7.00,40.00
1PINA,1PIN,A,E35A,-0.73,7.00,40.00
1PINA,1PIN,A,R36A,-0.29,7.00,40.00
1PINA,1PIN,A,S38A,0.05,7.00,40.00
1PINA,1PIN,A,S38G,-0.08,7.00,40.00
2ABDA,2ABD,A,F5A,-2.52,5.30,5.00
2ABDA,2ABD,A,A9G,-1.81,5.30,5.00
2ABDA,2ABD,A,V12A,-1.69,5.30,5.00
2ABDA,2ABD,A,L15A,-3.10,5.30,5.00
2ABDA,2ABD,A,P19A,-1.07,5.30,5.00
2ABDA,2ABD,A,D21A,0.42,5.30,5.00
2ABDA,2ABD,A,D21H,-0.56,5.30,5.00
2ABDA,2ABD,A,L25A,-1.02,5.30,5.00
2ABDA,2ABD,A,Y28A,-2.47,5.30,5.00
2ABDA,2ABD,A,Y28F,-1.06,5.30,5.00
2ABDA,2ABD,A,Y28N,-2.23,5.30,5.00
2ABDA,2ABD,A,Y31N,-1.52,5.30,5.00
2ABDA,2ABD,A,K32A,-1.02,5.30,5.00
2ABDA,2ABD,A,K32E,-1.68,5.30,5.00
2ABDA,2ABD,A,K32R,-1.83,5.30,5.00
2ABDA,2ABD,A,Q33A,-3.66,5.30,5.00
2ABDA,2ABD,A,A34G,-1.57,5.30,5.00
2ABDA,2ABD,A,T35A,-1.09,5.30,5.00
2ABDA,2ABD,A,P44A,-1.40,5.30,5.00
2ABDA,2ABD,A,K52M,0.18,5.30,5.00
2ABDA,2ABD,A,K54A,-0.86,5.30,5.00
2ABDA,2ABD,A,K54M,0.27,5.30,5.00
2ABDA,2ABD,A,E67A,-0.36,5.30,5.00
2ABDA,2ABD,A,Y73A,-4.83,5.30,5.00
2ABDA,2ABD,A,Y73F,0.27,5.30,5.00
2ABDA,2ABD,A,V77A,-1.14,5.30,5.00
2ABDA,2ABD,A,L80A,-3.70,5.30,5.00
3SSIA,3SSI,A,V13A,-6.78,7.00,82.21
3SSIA,3SSI,A,V13F,-5.69,7.00,82.21
3SSIA,3SSI,A,V13G,-10.30,7.00,82.21
3SSIA,3SSI,A,V13I,-0.89,7.00,82.21
3SSIA,3SSI,A,V13L,-2.37,7.00,82.21
3SSIA,3SSI,A,V13M,-5.68,7.00,82.21
3SSIA,3SSI,A,M73A,0.55,7.00,53.36
3SSIA,3SSI,A,M73D,1.60,7.00,53.36
3SSIA,3SSI,A,M73E,1.05,7.00,53.36
3SSIA,3SSI,A,M73G,-0.06,7.00,53.36
3SSIA,3SSI,A,M73I,-0.94,7.00,53.36
3SSIA,3SSI,A,M73K,0.35,7.00,53.36
3SSIA,3SSI,A,M73L,-0.25,7.00,53.36
3SSIA,3SSI,A,M73V,-0.66,7.00,53.36
3SSIA,3SSI,A,M103A,-2.56,7.00,82.21
3SSIA,3SSI,A,M103G,-6.96,7.00,82.21
3SSIA,3SSI,A,M103I,-2.09,7.00,82.21
3SSIA,3SSI,A,M103L,-0.07,7.00,82.21
3SSIA,3SSI,A,M103V,-2.03,7.00,82.21
1AYFA,1AYF,A,T54A,-1.31,8.50,37.00
1AYFA,1AYF,A,T54S,0.05,8.50,37.00
1AYFA,1AYF,A,H56Q,-1.66,8.50,37.00
1AYFA,1AYF,A,H56R,-1.16,8.50,37.00
1AYFA,1AYF,A,H56T,-1.19,8.50,37.00
1AYFA,1AYF,A,D76E,0.45,8.50,37.00
1AYFA,1AYF,A,Y82F,-0.01,8.50,37.00
1AYFA,1AYF,A,Y82L,-0.36,8.50,37.00
1AYFA,1AYF,A,Y82S,-0.33,8.50,37.00
1AYFA,1AYF,A,Y82W,-0.21,8.50,37.00
1AYFA,1AYF,A,C95S,0.96,8.50,37.00
1CLWA,1CLW,A,G177R,-2.10,7.40,88.40
1CLWA,1CLW,A,T235I,-1.60,7.40,88.40
1CLWA,1CLW,A,G244R,-4.00,7.40,88.40
1CLWA,1CLW,A,R285K,-10.30,7.40,88.40
1CLWA,1CLW,A,E309V,-2.30,7.40,88.40
1CLWA,1CLW,A,G323D,-0.40,7.40,88.40
1CLWA,1CLW,A,R382S,-17.40,7.40,88.40
1G6NA,1G6N,A,S128A,-0.22,7.90,20.00
1G6NA,1G6N,A,S128P,0.14,7.90,20.00
1LRPA,1LMB,4,K4Q,0.43,8.00,51.50
1LRPA,1LMB,4,Y22H,-2.25,8.00,51.50
1LRPA,1LMB,4,Q33Y,1.32,8.00,51.50
1LRPA,1LMB,4,Q44Y,-0.02,8.00,51.50
1LRPA,1LMB,4,G46A,0.66,8.00,53.40
1LRPA,1LMB,4,G48A,0.87,8.00,53.40
1LRPA,1LMB,4,G48N,0.79,8.00,53.40
1LRPA,1LMB,4,G48S,0.68,8.00,53.40
1LRPA,1LMB,4,A49V,-1.22,8.00,51.50
1LRPA,1LMB,4,A66T,-2.99,8.00,51.50
1LRPA,1LMB,4,I84S,-2.25,8.00,51.50
1LRPA,1LMB,4,Y88C,2.40,8.00,60.00
1MBGA,1MBG,A,V103A,-1.87,7.50,25.00
1MBGA,1MBG,A,V103I,0.72,7.50,25.00
1MBGA,1MBG,A,V103L,2.49,7.50,25.00
1MGRA,1RGG,A,V2T,-0.90,7.00,48.40
1MGRA,1RGG,A,T5V,0.00,7.00,48.40
1MGRA,1MGR,A,Y11F,-0.60,7.00,25.00
1MGRA,1RGG,A,T16V,0.30,7.00,48.40
1MGRA,1RGG,A,D17K,-1.10,7.00,25.00
1MGRA,1RGG,A,T18V,-1.40,7.00,48.40
1MGRA,1RGG,A,D25H,0.90,7.00,25.00
1MGRA,1RGG,A,D25K,0.90,7.00,47.20
1MGRA,1RGG,A,Y30F,0.40,7.00,25.00
1MGRA,1MGR,A,Y33F,0.50,7.00,25.00
1MGRA,1RGG,A,D33A,-6.20,7.00,52.60
1MGRA,1RGG,A,V36T,-1.30,7.00,48.40
1MGRA,1RGG,A,Q38A,1.00,7.00,49.00
1MGRA,1RGG,A,N39A,-2.20,7.00,48.40
1MGRA,1RGG,A,N39D,-1.50,7.00,48.40
1MGRA,1RGG,A,N39S,-2.30,7.00,48.40
1MGRA,1RGG,A,E41K,-0.70,7.00,49.00
1MGRA,1RGG,A,V43T,-0.50,7.00,48.40
1MGRA,1RGG,A,Y49F,-0.20,7.00,25.00
1MGRA,1RGG,A,Y51F,-2.30,7.00,25.00
1MGRA,1RGG,A,Y52F,-3.60,7.00,25.00
1MGRA,1MGR,A,Y54F,-2.60,7.00,25.00
1MGRA,1RGG,A,E54Q,-1.70,7.00,49.00
1MGRA,1MGR,A,Y55F,-2.10,7.00,25.00
1MGRA,1RGG,A,Y55F,-0.60,7.00,25.00
1MGRA,1RGG,A,T56V,-1.90,7.00,48.40
1MGRA,1RGG,A,V57T,-4.40,7.00,48.40
1MGRA,1MGR,A,Y58F,-0.70,7.00,25.00
1MGRA,1RGG,A,T59V,-1.70,7.00,48.40
1MGRA,1RGG,A,R65A,-1.00,7.00,49.00
1MGRA,1RGG,A,T67V,0.00,7.00,48.40
1MGRA,1RGG,A,T72V,-0.20,7.00,48.40
1MGRA,1RGG,A,E74K,0.90,7.00,49.00
1MGRA,1RGG,A,D79A,2.90,7.00,52.60
1MGRA,1RGG,A,D79E,-0.30,7.00,52.60
1MGRA,1RGG,A,D79F,3.00,7.00,52.60
1MGRA,1RGG,A,D79H,1.80,7.00,52.60
1MGRA,1RGG,A,D79I,2.70,7.00,52.60
1MGRA,1RGG,A,D79K,2.30,7.00,52.60
1MGRA,1RGG,A,D79L,2.70,7.00,52.60
1MGRA,1RGG,A,D79N,1.80,7.00,52.60
1MGRA,1RGG,A,D79R,2.70,7.00,52.60
1MGRA,1RGG,A,D79W,2.30,7.00,52.60
1MGRA,1RGG,A,D79Y,2.80,7.00,52.60
1MGRA,1RGG,A,Y80F,-1.50,7.00,25.00
1MGRA,1RGG,A,Y81F,-1.20,7.00,25.00
1MGRA,1RGG,A,T82V,-1.70,7.00,48.40
1MGRA,1MGR,A,Y83F,-1.50,7.00,25.00
1MGRA,1MGR,A,Y84F,-1.00,7.00,25.00
1MGRA,1RGG,A,H85Q,0.00,7.00,49.00
1MGRA,1RGG,A,Y86F,-0.30,7.00,25.00
1MGRA,1MGR,A,Y89F,0.00,7.00,25.00
1MGRA,1RGG,A,Q94K,0.30,7.00,52.60
1PGAA,1PGA,A,T2P,-2.70,5.50,25.00
1PGAA,1PGA,A,G9P,-2.40,5.50,25.00
1PGAA,1PGA,A,K10P,-0.20,5.50,25.00
1PGAA,1PGA,A,V21P,0.50,5.50,25.00
1PGAA,1PGA,A,A23P,-0.30,5.50,25.00
1PGAA,1PGA,A,A24P,-0.50,5.50,25.00
1PGAA,1PGA,A,T25P,-2.80,5.50,25.00
1PGAA,1PGA,A,V29P,-3.50,5.50,25.00
1PGAA,1PGA,A,D36P,-3.10,5.50,25.00
1PGAA,1PGA,A,D46A,-1.36,7.00,25.00
1PGAA,1PGA,A,D47A,0.36,7.00,25.00
1PGAA,1PGA,A,A48P,-0.70,5.50,25.00
1PGAA,1PGA,A,T49A,-0.86,7.00,25.00
1PGAA,1PGA,A,K50A,-0.45,7.00,25.00
1PGAA,1PGA,A,T53C,0.78,5.20,60.00
1PGAA,1PGA,A,T53D,-0.85,5.20,60.00
1PGAA,1PGA,A,T53E,0.23,5.20,60.00
1PGAA,1PGA,A,T53F,-0.28,5.20,60.00
1PGAA,1PGA,A,T53G,-1.21,5.20,60.00
1PGAA,1PGA,A,T53H,0.37,5.20,60.00
1PGAA,1PGA,A,T53I,-0.09,5.20,60.00
1PGAA,1PGA,A,T53K,0.35,5.20,60.00
1PGAA,1PGA,A,T53L,0.45,5.20,60.00
1PGAA,1PGA,A,T53M,0.90,5.20,60.00
1PGAA,1PGA,A,T53N,0.52,5.20,60.00
1PGAA,1PGA,A,T53Q,0.38,5.20,60.00
1PGAA,1PGA,A,T53R,0.40,5.20,60.00
1PGAA,1PGA,A,T53S,0.87,5.20,60.00
1PGAA,1PGA,A,T53T,1.36,5.20,60.00
1PGAA,1PGA,A,T53V,-0.42,5.20,60.00
1PGAA,1PGA,A,T53W,1.04,5.20,60.00
1PGAA,1PGA,A,T53Y,0.27,5.20,60.00
1PGAA,1PGA,A,V54A,-0.10,7.00,25.00
1ROPA,1ROP,A,D30A,0.30,7.00,69.00
1ROPA,1ROP,A,D30C,0.80,7.00,69.00
1ROPA,1ROP,A,D30E,1.00,7.00,69.00
1ROPA,1ROP,A,D30F,-0.10,7.00,69.00
1ROPA,1ROP,A,D30G,2.00,7.00,69.00
1ROPA,1ROP,A,D30H,0.90,7.00,69.00
1ROPA,1ROP,A,D30I,-0.80,7.00,69.00
1ROPA,1ROP,A,D30K,0.90,7.00,69.00
1ROPA,1ROP,A,D30L,-0.10,7.00,69.00
1ROPA,1ROP,A,D30M,0.60,7.00,69.00
1ROPA,1ROP,A,D30N,0.80,7.00,69.00
1ROPA,1ROP,A,D30P,-1.60,7.00,69.00
1ROPA,1ROP,A,D30Q,1.80,7.00,69.00
1ROPA,1ROP,A,D30R,0.80,7.00,69.00
1ROPA,1ROP,A,D30S,1.00,7.00,69.00
1ROPA,1ROP,A,D30T,-0.40,7.00,69.00
1ROPA,1ROP,A,D30V,-0.40,7.00,69.00
1ROPA,1ROP,A,D30W,-0.40,7.00,69.00
1ROPA,1ROP,A,D30Y,0.20,7.00,69.00
1ROPA,1ROP,A,L41A,-6.12,6.00,25.00
1ROPA,1ROP,A,L41V,-2.53,6.00,25.00
1RTBA,1RTB,A,A4S,-0.51,7.00,61.70
1RTBA,1RTB,A,A5S,-0.37,7.00,61.70
1RTBA,1RTB,A,F46A,-6.36,6.00,24.85
1RTBA,1RTB,A,F46L,-3.20,6.00,24.85
1RTBA,1RTB,A,F46V,-4.54,6.00,24.85
1RTBA,1RTB,A,V47A,-3.80,5.00,40.00
1RTBA,1RTB,A,V47G,-7.34,5.00,40.00
1RTBA,1RTB,A,V54A,-2.58,5.00,40.00
1RTBA,1RTB,A,V54G,-4.87,5.00,40.00
1RTBA,1RTB,A,V54I,-1.95,5.00,40.00
1RTBA,1RTB,A,V54L,-1.09,5.00,40.00
1RTBA,1RTB,A,V57A,-2.85,5.00,40.00
1RTBA,1RTB,A,V57G,-5.52,5.00,40.00
1RTBA,1RTB,A,V57I,-1.30,5.00,40.00
1RTBA,1RTB,A,V57L,-2.37,5.00,40.00
1RTBA,1RTB,A,V63A,-2.02,5.00,40.00
1RTBA,1RTB,A,V63G,-3.50,5.00,40.00
1RTBA,1RTB,A,A64G,-0.43,5.00,40.00
1RTBA,1RTB,A,S75A,-2.50,7.40,61.10
1RTBA,1RTB,A,S75T,-2.80,7.40,61.10
1RTBA,1RTB,A,I81A,-2.99,5.00,40.00
1RTBA,1RTB,A,I81G,-4.80,5.00,40.00
1RTBA,1RTB,A,I81V,-0.43,5.00,40.00
1RTBA,1RTB,A,P93A,-2.70,4.20,56.05
1RTBA,1RTB,A,P93G,-2.20,6.00,61.60
1RTBA,1RTB,A,P93S,-2.10,4.20,56.05
1RTBA,1RTB,A,Y97A,-12.00,5.00,63.30
1RTBA,1RTB,A,Y97F,-3.54,5.00,63.30
1RTBA,1RTB,A,Y97G,-11.70,5.00,63.30
1RTBA,1RTB,A,I106A,-4.37,5.00,40.00
1RTBA,1RTB,A,I106L,-1.79,5.00,40.00
1RTBA,1RTB,A,I106V,-0.80,5.00,40.00
1RTBA,1RTB,A,I107A,-2.84,5.00,40.00
1RTBA,1RTB,A,I107L,-2.19,5.00,40.00
1RTBA,1RTB,A,I107V,-0.08,5.00,40.00
1RTBA,1RTB,A,V108A,-4.20,5.00,40.00
1RTBA,1RTB,A,V108G,-7.28,5.00,40.00
1RTBA,1RTB,A,V108I,-0.43,5.00,40.00
1RTBA,1RTB,A,V108L,-0.70,5.00,40.00
1RTBA,1RTB,A,A109G,-0.43,5.00,40.00
1RTBA,1RTB,A,P114A,-3.20,4.20,56.05
1RTBA,1RTB,A,P114G,-3.30,6.00,61.60
1RTBA,1RTB,A,V116A,-0.66,5.00,40.00
1RTBA,1RTB,A,V116G,-1.18,5.00,40.00
1RTBA,1RTB,A,V118A,-1.92,5.00,40.00
1RTBA,1RTB,A,V118G,-2.77,5.00,40.00
1RTBA,1RTB,A,H119A,-0.90,6.00,25.00
1RTBA,1RTB,A,D121A,-1.50,6.00,25.00
1RTBA,1RTB,A,D121N,-1.10,6.00,25.00
1RTBA,1RTB,A,S123A,0.46,7.00,61.70
1RX4A,1RX4,A,L28R,0.50,7.80,15.00
1RX4A,1RX4,A,V75A,-0.20,7.80,15.00
1RX4A,1RX4,A,V75C,-0.20,7.80,15.00
1RX4A,1RX4,A,V75H,-1.90,6.50,15.00
1RX4A,1RX4,A,V75I,-2.00,7.80,15.00
1RX4A,1RX4,A,V75R,-2.80,7.80,15.00
1RX4A,1RX4,A,V75S,-1.90,7.80,15.00
1RX4A,1RX4,A,V75Y,-2.30,7.80,15.00
1RX4A,1RX4,A,V88A,0.20,7.20,20.00
1RX4A,1RX4,A,V88I,-1.73,7.20,20.00
1RX4A,1RX4,A,E139K,-2.36,7.80,15.00
1RX4A,1RX4,A,E139Q,-1.36,7.80,15.00
1SUPA,1SUP,A,M50F,0.48,8.00,58.80
1SUPA,1SUP,A,N76D,0.45,8.00,58.80
1SUPA,1SUP,A,G169A,0.30,8.00,58.80
1SUPA,1SUP,A,Q206C,1.25,8.00,58.80
1SUPA,1SUP,A,Y217K,0.72,8.00,58.80
1SUPA,1SUP,A,N218S,1.07,8.00,58.80
3BLSA,3BLS,A,Y150F,-0.70,6.80,54.60
1BTAA,1BTA,A,C82A,-0.48,7.40,25.00
1CHKA,1CHK,A,W28F,-4.43,7.00,43.20
1CHKA,1CHK,A,W101F,-4.27,7.00,43.20
1CHKA,1CHK,A,W227F,-2.51,7.00,43.20
1CUNA,1AJ3,A,W22F,-1.11,7.50,25.00
1FLVA,1FTG,A,E20K,1.60,7.00,25.00
1FLVA,1FTG,A,E20K,2.21,7.00,25.00
1FLVA,1FTG,A,E61K,0.88,7.00,25.00
1FLVA,1FTG,A,D65K,-0.26,7.00,25.00
1FLVA,1FTG,A,E72K,1.28,7.00,25.00
1FLVA,1FTG,A,D75K,1.00,7.00,25.00
1FLVA,1FTG,A,D75K,1.00,7.00,25.00
1FLVA,1FLV,A,G87L,-0.64,7.00,25.00
1FLVA,1FLV,A,G87V,-0.13,7.00,25.00
1FLVA,1FTG,A,D150K,-0.28,7.00,25.00
1K9QA,1K9Q,A,A20R,0.89,7.00,65.00
1K9QA,1K9Q,A,L30Y,0.17,7.00,65.00
1K9QA,1K9Q,A,D34T,0.35,7.00,65.00
1ONCA,1ONC,A,M23L,2.32,4.00,25.00
1TPKA,1TPK,A,V65A,-2.00,4.50,64.30
1TPKA,1TPK,A,V65I,0.30,4.50,64.30
1TPKA,1TPK,A,V65L,-1.90,4.50,64.30
1TPKA,1TPK,A,V65M,-2.20,4.50,64.30
1TPKA,1TPK,A,V65S,-2.40,4.50,64.30
1TPKA,1TPK,A,V65T,-1.00,4.50,64.30
1AM7A,1AM7,A,H31D,-1.60,7.00,25.00
1AM7A,1AM7,A,H48N,-5.00,7.00,25.00
1C2RA,1C2R,A,K12D,-1.30,7.50,25.00
1C2RA,1C2R,A,K14E,-1.30,7.50,25.00
1C2RA,1C2R,A,K32E,0.20,7.50,25.00
1C2RA,1C2R,A,G34S,-2.20,7.50,30.00
1C2RA,1C2R,A,P35A,-2.00,7.50,30.00
1C2RA,1YCC,A,N52A,0.63,4.60,26.85
1C2RA,1YCC,A,N52H,-1.27,4.60,26.85
1C2RA,1YCC,A,N52I,3.14,4.60,37.00
1C2RA,1YCC,A,N52I,4.20,6.00,25.00
1C2RA,1YCC,A,N52L,2.56,4.60,26.85
1C2RA,1YCC,A,N52M,2.25,4.60,26.85
1C2RA,1YCC,A,N52Q,-0.08,4.60,26.85
1C2RA,1YCC,A,N52S,-1.29,5.00,26.85
1C2RA,1YCC,A,N52T,-0.53,5.00,26.85
1C2RA,1YCC,A,N52V,1.67,4.60,26.85
1C2RA,1YCC,A,K73I,-0.40,4.50,25.00
1C2RA,1YCC,A,K73V,0.10,4.50,25.00
1C2RA,1YCC,A,K73W,-1.60,4.50,25.00
1C2RA,1YCC,A,P76G,-0.78,4.60,25.00
1C2RA,1YCC,A,P76L,-3.44,4.60,25.00
1C2RA,1YCC,A,P76R,-0.97,4.60,25.00
1C2RA,1YCC,A,P76S,-1.89,4.60,25.00
1C2RA,1YCC,A,P76V,-1.07,4.60,25.00
1C2RA,1YCC,A,P76W,-2.38,4.60,25.00
1C2RA,1YCC,A,P76Y,-2.07,4.60,25.00
1C2RA,1YCC,A,F82Y,-0.70,6.00,25.00
1C2RA,1YCC,A,L85A,-2.80,6.00,25.00
1C2RA,1YCC,A,C102A,2.90,6.00,46.50
1C2RA,1YCC,A,C102S,2.80,6.00,46.50
1C2RA,1YCC,A,C102T,0.80,6.00,57.10
1FC1A,1FC1,A,Q347A,-1.10,7.40,20.00
1FC1A,1FC1,A,Y349A,-0.70,7.40,20.00
1FC1A,1FC1,A,T350A,-0.10,7.40,20.00
1FC1A,1FC1,A,L351A,-1.30,7.40,20.00
1FC1A,1FC1,A,T366A,-2.30,7.40,20.00
1FC1A,1FC1,A,L368A,-2.20,7.40,20.00
1FC1A,1FC1,A,K370A,-1.10,7.40,20.00
1FC1A,1FC1,A,K392A,-0.40,7.40,20.00
1FC1A,1FC1,A,T394A,-0.60,7.40,20.00
1FC1A,1FC1,A,P395A,-3.20,7.40,20.00
1FC1A,1FC1,A,V397A,-0.60,7.40,20.00
1FC1A,1FC1,A,L398A,-0.10,7.40,20.00
1FC1A,1FC1,A,D399A,-0.70,7.40,20.00
1FC1A,1FC1,A,F405A,-2.50,7.40,20.00
1FC1A,1FC1,A,Y407A,-2.10,7.40,20.00
1FC1A,1FC1,A,K409A,-2.40,7.40,20.00
1HMEA,1HME,A,S33H,-1.50,7.00,20.00
1HMEA,1HME,A,I34H,0.00,7.00,20.00
1HMEA,1HME,A,G35H,0.47,7.00,20.00
1HUEA,1HUE,A,A27S,-1.19,7.00,63.90
1HUEA,1HUE,A,S31T,0.41,7.00,63.90
1HUEA,1HUE,A,V42I,-0.82,7.00,63.90
1HUEA,1HUE,A,A56S,-0.13,7.00,63.90
1HUEA,1HUE,A,M69I,0.00,7.00,63.90
1KFWA,1KFW,A,G92P,0.53,7.50,16.00
1KFWA,1KFW,A,N197K,0.84,7.50,16.00
1KFWA,1KFW,A,G253P,0.62,7.50,16.00
1KFWA,1KFW,A,G405Q,0.62,7.50,16.00
1WQ5A,1WQ5,B,E1049A,-0.08,7.00,25.00
1WQ5A,1WQ5,B,E1049C,0.01,7.00,25.00
1WQ5A,1WQ5,B,E1049D,-0.80,7.00,25.00
1WQ5A,1WQ5,B,E1049F,-0.86,7.00,25.00
1WQ5A,1WQ5,B,E1049G,0.08,7.00,25.00
1WQ5A,1WQ5,B,E1049H,0.33,7.00,25.00
1WQ5A,1WQ5,B,E1049I,0.46,7.00,25.00
1WQ5A,1WQ5,B,E1049K,0.20,7.00,25.00
1WQ5A,1WQ5,B,E1049L,0.44,7.00,25.00
1WQ5A,1WQ5,B,E1049N,-0.69,7.00,25.00
1WQ5A,1WQ5,B,E1049P,0.00,7.00,25.00
1WQ5A,1WQ5,B,E1049Q,-0.23,7.00,25.00
1WQ5A,1WQ5,B,E1049S,-0.59,7.00,25.00
1WQ5A,1WQ5,B,E1049T,-0.62,7.00,25.00
1WQ5A,1WQ5,B,E1049V,0.14,7.00,25.00
1WQ5A,1WQ5,B,E1049W,-0.97,7.00,25.00
1WQ5A,1WQ5,B,E1049Y,-0.17,7.00,25.00
1WQ5A,1WQ5,B,P1057A,-0.04,9.00,54.10
1WQ5A,1WQ5,B,C1081A,-0.69,9.00,50.00
1WQ5A,1WQ5,B,C1081G,-1.58,9.00,50.00
1WQ5A,1WQ5,B,C1081S,-1.41,9.00,50.00
1WQ5A,1WQ5,B,C1081V,-1.32,9.00,50.00
1WQ5A,1WQ5,B,P1096A,-2.00,9.00,54.10
1WQ5A,1WQ5,B,C1118A,-1.36,9.00,50.00
1WQ5A,1WQ5,B,C1118S,-2.27,9.00,50.00
1WQ5A,1WQ5,B,C1118V,-1.34,9.00,50.00
1WQ5A,1WQ5,B,P1132A,-0.92,9.00,54.10
1WQ5A,1WQ5,B,P1132G,-0.78,9.00,54.10
1WQ5A,1WQ5,B,C1154A,-1.03,9.00,50.00
1WQ5A,1WQ5,B,C1154S,-1.72,9.00,50.00
1WQ5A,1WQ5,B,C1154V,-1.12,9.00,50.00
1WQ5A,1WQ5,B,P1207A,-1.64,9.00,54.10
1WQ5A,1WQ5,B,G1211R,0.10,7.80,57.80
2AC0A,1TUP,A,R175H,-3.01,7.20,10.00
2AC0A,1TUP,A,C242S,-2.94,7.20,10.00
2AC0A,1TUP,A,R248Q,-1.94,7.20,10.00
2AC0A,1TUP,A,R249S,-1.95,7.20,10.00
2AC0A,1TUP,A,R273H,-0.35,7.20,10.00
2CI2I,2CI2,I,K21A,-0.55,6.25,25.00
2CI2I,2CI2,I,K21M,-0.67,6.25,25.00
2CI2I,2CI2,I,T22A,-0.85,6.30,25.00
2CI2I,2CI2,I,T22G,-1.16,6.30,25.00
2CI2I,2CI2,I,T22V,-0.32,6.30,25.00
2CI2I,2CI2,I,P25A,-1.57,6.25,25.00
2CI2I,2CI2,I,E26A,-0.47,6.25,25.00
2CI2I,2CI2,I,E26Q,-0.62,6.25,25.00
2CI2I,2CI2,I,L27A,-2.66,6.30,25.00
2CI2I,2CI2,I,K30A,0.42,6.25,25.00
2CI2I,2CI2,I,S31A,-0.89,6.25,25.00
2CI2I,2CI2,I,S31G,-0.80,6.25,25.00
2CI2I,2CI2,I,E33D,-0.52,6.25,25.00
2CI2I,2CI2,I,E33N,-0.70,6.25,25.00
2CI2I,2CI2,I,E33Q,-0.29,6.25,25.00
2CI2I,2CI2,I,E34D,-0.74,6.25,25.00
2CI2I,2CI2,I,E34N,-1.07,6.25,25.00
2CI2I,2CI2,I,E34Q,-0.47,6.25,25.00
2CI2I,2CI2,I,A35G,-1.09,6.25,25.00
2CI2I,2CI2,I,K36A,-0.49,6.25,25.00
2CI2I,2CI2,I,K36G,-2.32,6.25,25.00
2CI2I,2CI2,I,K37A,0.22,6.25,25.00
2CI2I,2CI2,I,K37G,-0.98,6.25,25.00
2CI2I,2CI2,I,V38A,-0.48,6.30,25.00
2CI2I,2CI2,I,I39V,-1.29,6.30,25.00
2CI2I,2CI2,I,L40A,-1.33,6.25,25.00
2CI2I,2CI2,I,L40G,-1.38,6.25,25.00
2CI2I,2CI2,I,Q41A,-0.02,6.25,25.00
2CI2I,2CI2,I,Q41G,-0.60,6.25,25.00
2CI2I,2CI2,I,D42A,-0.96,6.25,25.00
2CI2I,2CI2,I,K43A,-0.65,6.25,25.00
2CI2I,2CI2,I,K43A,0.64,4.15,74.30
2CI2I,2CI2,I,K43G,-3.19,6.25,25.00
2CI2I,2CI2,I,P44A,-1.76,6.25,25.00
2CI2I,2CI2,I,P44A,1.93,4.15,74.30
2CI2I,2CI2,I,E45A,-0.32,6.25,25.00
2CI2I,2CI2,I,E45A,0.57,4.15,74.30
2CI2I,2CI2,I,I48A,-3.84,6.30,25.00
2CI2I,2CI2,I,I48V,-1.10,6.30,25.00
2CI2I,2CI2,I,I49A,-2.12,6.30,25.00
2CI2I,2CI2,I,I49G,-3.52,6.30,25.00
2CI2I,2CI2,I,I49T,-1.34,6.30,25.00
2CI2I,2CI2,I,I49V,0.08,6.30,25.00
2CI2I,2CI2,I,L51A,-2.37,6.25,25.00
2CI2I,2CI2,I,L51I,-0.26,6.25,25.00
2CI2I,2CI2,I,L51V,-0.50,6.25,25.00
2CI2I,2CI2,I,P52A,-0.17,6.25,25.00
2CI2I,2CI2,I,V53A,-0.64,6.30,25.00
2CI2I,2CI2,I,V53G,-2.43,6.30,25.00
2CI2I,2CI2,I,V53T,-1.03,6.30,25.00
2CI2I,2CI2,I,T55A,0.23,6.25,25.00
2CI2I,2CI2,I,T55S,-0.02,6.25,25.00
2CI2I,2CI2,I,T55V,-0.76,6.25,25.00
2CI2I,2CI2,I,I56A,-0.03,6.25,25.00
2CI2I,2CI2,I,V57A,-1.47,6.25,25.00
2CI2I,2CI2,I,T58A,-0.69,6.30,25.00
2CI2I,2CI2,I,T58D,0.04,6.30,25.00
2CI2I,2CI2,I,E60A,-0.69,6.30,25.00
2CI2I,2CI2,I,R62A,-0.58,6.25,25.00
2CI2I,2CI2,I,D64A,-0.80,6.25,25.00
2CI2I,2CI2,I,V66A,-4.88,6.30,25.00
2CI2I,2CI2,I,L68A,-3.82,6.30,25.00
2CI2I,2CI2,I,F69A,-3.84,6.25,25.00
2CI2I,2CI2,I,F69L,-2.11,6.25,25.00
2CI2I,2CI2,I,F69V,-2.39,6.25,25.00
2CI2I,2CI2,I,V70A,-1.95,6.30,25.00
2CI2I,2CI2,I,D71A,-3.41,6.25,25.00
2CI2I,2CI2,I,K72N,0.00,6.25,25.00
2CI2I,2CI2,I,N75A,-0.83,6.25,25.00
2CI2I,2CI2,I,N75D,-1.21,6.25,25.00
2CI2I,2CI2,I,I76A,-4.25,6.30,25.00
2CI2I,2CI2,I,I76V,0.20,6.30,25.00
2CI2I,2CI2,I,A77G,-1.88,6.30,25.00
2CI2I,2CI2,I,V79A,-1.51,6.30,25.00
2CI2I,2CI2,I,V79G,-3.24,6.30,25.00
2CI2I,2CI2,I,V79T,-0.38,6.30,25.00
2CI2I,2CI2,I,P80A,-3.34,6.25,25.00
2CI2I,2CI2,I,V82A,-1.45,6.30,25.00
2CI2I,2CI2,I,V82G,-3.50,6.30,25.00
2CI2I,2CI2,I,V82T,-1.15,6.30,25.00
2TRXA,2TRX,A,L78K,-3.90,7.00,85.32
2TRXA,2TRX,A,L78R,-4.00,7.00,85.32
3MBPA,3MBP,A,V8G,-1.10,7.60,25.00
3MBPA,3MBP,A,G19C,-2.30,7.60,25.00
3MBPA,3MBP,A,P48A,0.50,7.40,63.00
3MBPA,3MBP,A,P48S,0.30,7.40,63.00
3MBPA,3MBP,A,D55N,0.00,7.60,25.00
3MBPA,3MBP,A,P133A,-0.30,7.40,63.00
3MBPA,3MBP,A,P133S,-2.10,7.40,63.00
3MBPA,3MBP,A,P159A,-1.80,7.40,63.00
3MBPA,3MBP,A,P159S,-2.10,7.40,63.00
3MBPA,3MBP,A,A276G,-1.50,7.60,25.00
3MBPA,3MBP,A,Y283D,-3.20,7.60,25.00
3MBPA,3MBP,A,T345I,0.70,7.60,25.00
451CA,451C,A,F7A,1.10,5.00,50.40
451CA,451C,A,V13M,0.40,5.00,50.40
451CA,451C,A,F34Y,1.90,5.00,50.40
451CA,451C,A,Q37R,0.50,5.00,50.40
451CA,451C,A,E43Y,0.60,5.00,50.40
451CA,451C,A,V78I,1.00,5.00,50.40
